Column A,Column B,Serial No.,Column D,Column E,Player Name,Column G,Column H,Column I,Contract Price(USD),Column K,Column L,Player Position,Club Name,League Name,Column P,Country,Club Contract Start Date,Club Contract End Date,Club %,Club Starting No,Date of birth of the player
0,0,1,0,0,Toya Izumi,0,0,0,$55Th.,0,0,midfield,Vissel Kobe,J1 League,0,Japan,"Feb 18, 2022",-,0,0,"Dec 2, 2000(21)"
0,0,2,0,0,Shogo Terasaka,0,0,0,$55Th.,0,0,defence,Vissel Kobe,J1 League,0,Japan,-,-,0,0,"Jun 6, 2004(17)"
0,0,3,0,0,Koki Sotetsu,0,0,0,-,0,0,attack,Vissel Kobe,J1 League,0,Japan,-,-,0,0,"May 24, 2004(18)"
0,0,4,0,0,Shuto Adachi,0,0,0,-,0,0,midfield,Vissel Kobe,J1 League,0,Japan,-,-,0,0,"Jul 15, 2004(17)"
0,0,5,0,0,Niina Tominaga,0,0,0,-,0,0,attack,Vissel Kobe,J1 League,0,Japan,-,-,0,0,"Jul 18, 2004(17)"
0,0,6,0,0,Daiya Maekawa,0,0,0,$440Th.,0,0,Goalkeeper,Vissel Kobe,J1 League,0,Japan,"Feb 4, 2017","Jan 31, 2023",0,0,"Sep 8, 1994(27)"
0,0,7,0,0,Ryotaro Hironaga,0,0,0,$83Th.,0,0,Goalkeeper,Vissel Kobe,J1 League,0,Japan,"Jan 9, 2021","Jan 31, 2023",0,0,"Jan 9, 1990(32)"
0,0,8,0,0,Sosuke Tamura,0,0,0,-,0,0,Goalkeeper,Vissel Kobe,J1 League,0,Japan,-,-,0,0,"Aug 9, 2004(17)"
0,0,9,0,0,Yuki Kobayashi,0,0,0,$660Th.,0,0,Centre-Back,Vissel Kobe,J1 League,0,Japan,"Feb 1, 2019","Jan 31, 2023",0,0,"Jul 18, 2000(21)"
0,0,10,0,0,Leo Osaki,0,0,0,$440Th.,0,0,Centre-Back,Vissel Kobe,J1 League,0,Japan,"Jul 16, 2018","Jan 31, 2023",0,0,"Jul 8, 1991(30)"
0,0,11,0,0,Ryo Hatsuse,0,0,0,$605Th.,0,0,Left-Back,Vissel Kobe,J1 League,0,Japan,"Jan 5, 2019","Jan 31, 2023",0,0,"Jul 10, 1997(24)"
0,0,12,0,0,Nagisa Sakurauchi,0,0,0,$248Th.,0,0,Right-Back,Vissel Kobe,J1 League,0,Japan,"Jan 9, 2021","Jan 31, 2023",0,0,"Aug 11, 1989(32)"
0,0,13,0,0,Sergi Samper,0,0,0,$1.10m,0,0,Defensive Midfield,Vissel Kobe,J1 League,0,Spain,"Mar 7, 2019","Jan 31, 2023",0,0,"Jan 20, 1995(27)"
0,0,14,0,0,Kento Hashimoto,0,0,0,$2.75m,0,0,Central Midfield,Vissel Kobe,J1 League,0,Japan,"Mar 27, 2022","Jun 30, 2022",0,0,"Aug 16, 1993(28)"
0,0,15,0,0,Yuta Goke,0,0,0,$990Th.,0,0,Central Midfield,Vissel Kobe,J1 League,0,Japan,"Feb 1, 2018","Jan 31, 2023",0,0,"Jun 10, 1999(22)"
0,0,16,0,0,Koya Yuruki,0,0,0,$770Th.,0,0,Left Midfield,Vissel Kobe,J1 League,0,Japan,"Jan 9, 2022","Jan 31, 2023",0,0,"Jul 3, 1995(26)"
0,0,17,0,0,Daiju Sasaki,0,0,0,$440Th.,0,0,Attacking Midfield,Vissel Kobe,J1 League,0,Japan,"Feb 1, 2018","Jan 31, 2023",0,0,"Sep 17, 1999(22)"
0,0,18,0,0,Bojan Krkic,0,0,0,$770Th.,0,0,Second Striker,Vissel Kobe,J1 League,0,Spain,"Aug 9, 2021","Jan 31, 2023",0,0,"Aug 28, 1990(31)"
0,0,19,0,0,Lincoln,0,0,0,$2.64m,0,0,Centre-Forward,Vissel Kobe,J1 League,0,Brazil,"Jan 20, 2021","Jan 31, 2024",0,0,"Dec 16, 2000(21)"
0,0,20,0,0,Noriaki Fujimoto,0,0,0,$495Th.,0,0,Centre-Forward,Vissel Kobe,J1 League,0,Japan,"Aug 7, 2019","Jan 31, 2023",0,0,"Aug 19, 1989(32)"
0,0,21,0,0,Mikaze Nagasawa,0,0,0,$55Th.,0,0,midfield,Vissel Kobe,J1 League,0,Japan,-,-,0,0,"Jan 25, 2005(17)"
0,0,22,0,0,Yusei Ozaki,0,0,0,$55Th.,0,0,defence,Vissel Kobe,J1 League,0,Japan,"Feb 1, 2022",-,0,0,"Jul 26, 2003(18)"
0,0,23,0,0,Shunta Hirohata,0,0,0,-,0,0,defence,Vissel Kobe,J1 League,0,Japan,-,-,0,0,"Jun 21, 2005(16)"
0,0,24,0,0,Ko Tashiro,0,0,0,-,0,0,defence,Vissel Kobe,J1 League,0,Japan,-,-,0,0,"Jun 3, 2004(17)"
0,0,25,0,0,Mitsuki Hidaka,0,0,0,-,0,0,midfield,Vissel Kobe,J1 League,0,Japan,"Apr 1, 2022","Jan 31, 2025",0,0,"May 11, 2003(19)"
0,0,26,0,0,Hiroki Iikura,0,0,0,$275Th.,0,0,Goalkeeper,Vissel Kobe,J1 League,0,Japan,"Jul 26, 2019","Jan 31, 2023",0,0,"Jun 1, 1986(35)"
0,0,27,0,0,Yuya Tsuboi,0,0,0,$55Th.,0,0,Goalkeeper,Vissel Kobe,J1 League,0,Japan,"Feb 1, 2022",-,0,0,"Aug 23, 1999(22)"
0,0,28,0,0,Tomoaki Makino,0,0,0,$1.05m,0,0,Centre-Back,Vissel Kobe,J1 League,0,Japan,"Jan 9, 2022","Jan 31, 2023",0,0,"May 11, 1987(35)"
0,0,29,0,0,Ryuho Kikuchi,0,0,0,$660Th.,0,0,Centre-Back,Vissel Kobe,J1 League,0,Japan,"Jan 4, 2020","Jan 31, 2025",0,0,"Dec 9, 1996(25)"
0,0,30,0,0,Gotoku Sakai,0,0,0,$1.54m,0,0,Left-Back,Vissel Kobe,J1 League,0,Japan,"Aug 14, 2019","Jan 31, 2023",0,0,"Mar 14, 1991(31)"
0,0,31,0,0,Tetsushi Yamakawa,0,0,0,$440Th.,0,0,Right-Back,Vissel Kobe,J1 League,0,Japan,"Feb 1, 2020","Jan 31, 2023",0,0,"Oct 1, 1997(24)"
0,0,32,0,0,Hotaru Yamaguchi,0,0,0,$1.54m,0,0,Defensive Midfield,Vissel Kobe,J1 League,0,Japan,"Jan 1, 2019","Jan 31, 2023",0,0,"Oct 6, 1990(31)"
0,0,33,0,0,Takahiro Ogihara,0,0,0,$1.05m,0,0,Defensive Midfield,Vissel Kobe,J1 League,0,Japan,"Jan 9, 2022","Jan 31, 2023",0,0,"Oct 5, 1991(30)"
0,0,34,0,0,Andrés Iniesta,0,0,0,$2.20m,0,0,Central Midfield,Vissel Kobe,J1 League,0,Spain,"Jul 1, 2018","Jan 31, 2024",0,0,"May 11, 1984(38)"
0,0,35,0,0,Kakeru Yamauchi,0,0,0,-,0,0,Central Midfield,Vissel Kobe,J1 League,0,Japan,"Mar 31, 2022",-,0,0,"Jan 6, 2002(20)"
0,0,36,0,0,Shion Inoue,0,0,0,$495Th.,0,0,Left Midfield,Vissel Kobe,J1 League,0,Japan,"Jan 9, 2021","Jan 31, 2024",0,0,"Aug 3, 1997(24)"
0,0,37,0,0,Yuya Nakasaka,0,0,0,$440Th.,0,0,Attacking Midfield,Vissel Kobe,J1 League,0,Japan,"Feb 1, 2016","Jan 31, 2023",0,0,"Aug 5, 1997(24)"
0,0,38,0,0,Yoshinori Muto,0,0,0,$2.75m,0,0,Centre-Forward,Vissel Kobe,J1 League,0,Japan,"Aug 7, 2021","Jan 31, 2023",0,0,"Jul 15, 1992(29)"
0,0,39,0,0,Yuya Osako,0,0,0,$1.10m,0,0,Centre-Forward,Vissel Kobe,J1 League,0,Japan,"Aug 8, 2021","Jan 31, 2023",0,0,"May 18, 1990(32)"
0,0,40,0,0,Yutaro Oda,0,0,0,$220Th.,0,0,Centre-Forward,Vissel Kobe,J1 League,0,Japan,"Feb 1, 2020","Jan 31, 2023",0,0,"Aug 12, 2001(20)"
0,0,41,0,0,Rei Kihara,0,0,0,-,0,0,attack,Urawa Red Diamonds,J1 League,0,Japan,"Feb 1, 2022",-,0,0,"Jun 4, 2003(18)"
0,0,42,0,0,Jumpei Hayakawa,0,0,0,-,0,0,midfield,Urawa Red Diamonds,J1 League,0,Japan,-,-,0,0,"Dec 5, 2005(16)"
0,0,43,0,0,Ayumi Niekawa,0,0,0,$385Th.,0,0,Goalkeeper,Urawa Red Diamonds,J1 League,0,Japan,"Jan 9, 2022","Jan 31, 2023",0,0,"May 12, 1994(28)"
0,0,44,0,0,Shogo Neyama,0,0,0,-,0,0,Goalkeeper,Urawa Red Diamonds,J1 League,0,Japan,-,-,0,0,"Apr 25, 2004(18)"
0,0,45,0,0,Alexander Scholz,0,0,0,$2.53m,0,0,Centre-Back,Urawa Red Diamonds,J1 League,0,Denmark,"Jul 16, 2021",-,0,0,"Oct 24, 1992(29)"
0,0,46,0,0,Tomoya Inukai,0,0,0,$1.21m,0,0,Centre-Back,Urawa Red Diamonds,J1 League,0,Japan,"Jan 9, 2022","Jan 31, 2023",0,0,"May 12, 1993(29)"
0,0,47,0,0,Kota Kudo,0,0,0,$55Th.,0,0,Centre-Back,Urawa Red Diamonds,J1 League,0,Japan,"May 13, 2021","Jan 31, 2025",0,0,"Aug 13, 2003(18)"
0,0,48,0,0,Hiroki Sakai,0,0,0,$3.85m,0,0,Right-Back,Urawa Red Diamonds,J1 League,0,Japan,"Jul 12, 2021","Jan 31, 2023",0,0,"Apr 12, 1990(32)"
0,0,49,0,0,Kai Shibato,0,0,0,$715Th.,0,0,Defensive Midfield,Urawa Red Diamonds,J1 League,0,Japan,"Feb 1, 2018","Jan 31, 2023",0,0,"Nov 24, 1995(26)"
0,0,50,0,0,Yuichi Hirano,0,0,0,$550Th.,0,0,Defensive Midfield,Urawa Red Diamonds,J1 League,0,Japan,"Aug 6, 2021","Jan 31, 2023",0,0,"Mar 11, 1996(26)"
0,0,51,0,0,Kaito Yasui,0,0,0,-,0,0,Defensive Midfield,Urawa Red Diamonds,J1 League,0,Japan,"Feb 1, 2022","Jan 31, 2023",0,0,"Feb 9, 2000(22)"
0,0,52,0,0,Kai Matsuzaki,0,0,0,$660Th.,0,0,Right Midfield,Urawa Red Diamonds,J1 League,0,Japan,"Jan 9, 2022","Jan 31, 2023",0,0,"Nov 22, 1997(24)"
0,0,53,0,0,Yusuke Matsuo,0,0,0,$825Th.,0,0,Left Midfield,Urawa Red Diamonds,J1 League,0,Japan,"Jan 9, 2022","Jan 31, 2023",0,0,"Jul 23, 1997(24)"
0,0,54,0,0,Ataru Esaka,0,0,0,$1.65m,0,0,Attacking Midfield,Urawa Red Diamonds,J1 League,0,Japan,"Jul 12, 2021","Jan 31, 2023",0,0,"May 31, 1992(29)"
0,0,55,0,0,David Moberg Karlsson,0,0,0,$2.20m,0,0,Right Winger,Urawa Red Diamonds,J1 League,0,Sweden,"Jan 9, 2022",-,0,0,"Mar 20, 1994(28)"
0,0,56,0,0,Kasper Junker,0,0,0,$2.20m,0,0,Centre-Forward,Urawa Red Diamonds,J1 League,0,Denmark,"Apr 1, 2021","Jan 31, 2025",0,0,"Mar 5, 1994(28)"
0,0,57,0,0,Atsushi Inagaki,0,0,0,-,0,0,defence,Urawa Red Diamonds,J1 League,0,Japan,-,-,0,0,"Mar 3, 2005(17)"
0,0,58,0,0,Shusaku Nishikawa,0,0,0,$770Th.,0,0,Goalkeeper,Urawa Red Diamonds,J1 League,0,Japan,"Jan 5, 2014","Jan 31, 2023",0,0,"Jun 18, 1986(35)"
0,0,59,0,0,Zion Suzuki,0,0,0,$330Th.,0,0,Goalkeeper,Urawa Red Diamonds,J1 League,0,Japan,"Feb 1, 2019","Jan 31, 2023",0,0,"Aug 21, 2002(19)"
0,0,60,0,0,Yuto Ebashi,0,0,0,-,0,0,Goalkeeper,Urawa Red Diamonds,J1 League,0,Japan,-,-,0,0,"Apr 11, 2005(17)"
0,0,61,0,0,Takuya Iwanami,0,0,0,$1.21m,0,0,Centre-Back,Urawa Red Diamonds,J1 League,0,Japan,"Jan 1, 2018","Jan 31, 2023",0,0,"Jun 18, 1994(27)"
0,0,62,0,0,Tetsuya Chinen,0,0,0,$440Th.,0,0,Centre-Back,Urawa Red Diamonds,J1 League,0,Japan,"Jan 9, 2022","Jan 31, 2023",0,0,"Nov 8, 1997(24)"
0,0,63,0,0,Ayumu Ohata,0,0,0,$550Th.,0,0,Left-Back,Urawa Red Diamonds,J1 League,0,Japan,"Jan 9, 2022","Jan 31, 2023",0,0,"Apr 27, 2001(21)"
0,0,64,0,0,Kazuaki Mawatari,0,0,0,$495Th.,0,0,Right-Back,Urawa Red Diamonds,J1 League,0,Japan,"Jan 9, 2022","Jan 31, 2023",0,0,"Jun 23, 1991(30)"
0,0,65,0,0,Atsuki Ito,0,0,0,$550Th.,0,0,Defensive Midfield,Urawa Red Diamonds,J1 League,0,Japan,"Feb 1, 2021","Jan 31, 2023",0,0,"Aug 11, 1998(23)"
0,0,66,0,0,Yuta Miyamoto,0,0,0,$55Th.,0,0,Defensive Midfield,Urawa Red Diamonds,J1 League,0,Japan,"Feb 1, 2022",-,0,0,"Dec 15, 1999(22)"
0,0,67,0,0,Ken Iwao,0,0,0,$605Th.,0,0,Central Midfield,Urawa Red Diamonds,J1 League,0,Japan,"Feb 1, 2022","Jan 31, 2023",0,0,"Apr 18, 1988(34)"
0,0,68,0,0,Takahiro Akimoto,0,0,0,$880Th.,0,0,Left Midfield,Urawa Red Diamonds,J1 League,0,Japan,"Jan 9, 2021","Jan 31, 2023",0,0,"Jan 31, 1998(24)"
0,0,69,0,0,Takahiro Sekine,0,0,0,$770Th.,0,0,Left Midfield,Urawa Red Diamonds,J1 League,0,Japan,"Jul 1, 2019","Jan 31, 2023",0,0,"Apr 19, 1995(27)"
0,0,70,0,0,Yoshio Koizumi,0,0,0,$880Th.,0,0,Attacking Midfield,Urawa Red Diamonds,J1 League,0,Japan,"Jan 9, 2021","Jan 31, 2023",0,0,"Oct 5, 1996(25)"
0,0,71,0,0,Tomoaki Okubo,0,0,0,$220Th.,0,0,Right Winger,Urawa Red Diamonds,J1 League,0,Japan,"Feb 1, 2021","Jan 31, 2023",0,0,"Jul 23, 1998(23)"
0,0,72,0,0,Alex Schalk,0,0,0,$770Th.,0,0,Centre-Forward,Urawa Red Diamonds,J1 League,0,Netherlands,"Mar 25, 2022",-,0,0,"Aug 7, 1992(29)"
0,0,73,0,0,Taiyo Igarashi,0,0,0,$55Th.,0,0,attack,Kawasaki Frontale,J1 League,0,Japan,"Feb 1, 2022",-,0,0,"Apr 14, 2003(19)"
0,0,74,0,0,Sung-ryong Jung,0,0,0,$770Th.,0,0,Goalkeeper,Kawasaki Frontale,J1 League,0,"Korea, South","Jan 1, 2016","Jan 1, 2023",0,0,"Jan 4, 1985(37)"
0,0,75,0,0,Yuki Hayasaka,0,0,0,$55Th.,0,0,Goalkeeper,Kawasaki Frontale,J1 League,0,Japan,"Feb 1, 2022",-,0,0,"May 22, 1999(23)"
0,0,76,0,0,Shogo Taniguchi,0,0,0,$1.87m,0,0,Centre-Back,Kawasaki Frontale,J1 League,0,Japan,"Feb 1, 2014","Jan 31, 2023",0,0,"Jul 15, 1991(30)"
0,0,77,0,0,Kazuya Yamamura,0,0,0,$605Th.,0,0,Centre-Back,Kawasaki Frontale,J1 League,0,Japan,"Jan 5, 2019","Jan 31, 2023",0,0,"Dec 2, 1989(32)"
0,0,78,0,0,Shintaro Kurumaya,0,0,0,$1.32m,0,0,Left-Back,Kawasaki Frontale,J1 League,0,Japan,"Feb 1, 2015","Jan 31, 2024",0,0,"Apr 5, 1992(30)"
0,0,79,0,0,Asahi Sasaki,0,0,0,-,0,0,Left-Back,Kawasaki Frontale,J1 League,0,Japan,"Feb 1, 2022","Jan 31, 2023",0,0,"Jan 26, 2000(22)"
0,0,80,0,0,Shuto Tanabe,0,0,0,$55Th.,0,0,Right-Back,Kawasaki Frontale,J1 League,0,Japan,"Feb 1, 2021","Jan 31, 2024",0,0,"May 5, 2002(20)"
0,0,81,0,0,Kento Tachibanada,0,0,0,$440Th.,0,0,Defensive Midfield,Kawasaki Frontale,J1 League,0,Japan,"Feb 1, 2021","Jan 31, 2023",0,0,"May 29, 1998(23)"
0,0,82,0,0,Renji Matsui,0,0,0,$55Th.,0,0,Defensive Midfield,Kawasaki Frontale,J1 League,0,Japan,"Feb 1, 2022",-,0,0,"Feb 27, 2000(22)"
0,0,83,0,0,Tatsuki Seko,0,0,0,$660Th.,0,0,Central Midfield,Kawasaki Frontale,J1 League,0,Japan,"Jan 9, 2022","Jan 31, 2023",0,0,"Dec 22, 1997(24)"
0,0,84,0,0,Yasuto Wakizaka,0,0,0,$1.10m,0,0,Attacking Midfield,Kawasaki Frontale,J1 League,0,Japan,"Feb 1, 2018","Jan 31, 2024",0,0,"Jun 11, 1995(26)"
0,0,85,0,0,Marcinho,0,0,0,$825Th.,0,0,Left Winger,Kawasaki Frontale,J1 League,0,Brazil,"Aug 13, 2021","Jan 31, 2023",0,0,"May 16, 1995(27)"
0,0,86,0,0,Akihiro Ienaga,0,0,0,$880Th.,0,0,Right Winger,Kawasaki Frontale,J1 League,0,Japan,"Jan 5, 2017","Jan 31, 2023",0,0,"Jun 13, 1986(35)"
0,0,87,0,0,Leandro Damião,0,0,0,$2.09m,0,0,Centre-Forward,Kawasaki Frontale,J1 League,0,Brazil,"Feb 2, 2019","Jan 1, 2023",0,0,"Jul 22, 1989(32)"
0,0,88,0,0,Kei Chinen,0,0,0,$660Th.,0,0,Centre-Forward,Kawasaki Frontale,J1 League,0,Japan,"Feb 1, 2017","Jan 31, 2023",0,0,"Mar 17, 1995(27)"
0,0,89,0,0,Takatora Einaga,0,0,0,-,0,0,attack,Kawasaki Frontale,J1 League,0,Japan,"Feb 1, 2022","Jan 31, 2025",0,0,"Apr 7, 2003(19)"
0,0,90,0,0,Shunsuke Ando,0,0,0,$55Th.,0,0,Goalkeeper,Kawasaki Frontale,J1 League,0,Japan,"Feb 1, 2009","Jan 31, 2023",0,0,"Aug 10, 1990(31)"
0,0,91,0,0,Kenta Tanno,0,0,0,$55Th.,0,0,Goalkeeper,Kawasaki Frontale,J1 League,0,Japan,"Jan 4, 2020","Jan 31, 2023",0,0,"Aug 30, 1986(35)"
0,0,92,0,0,Jesiel,0,0,0,$1.32m,0,0,Centre-Back,Kawasaki Frontale,J1 League,0,Brazil,"Jan 4, 2020","Jan 31, 2023",0,0,"Mar 5, 1994(28)"
0,0,93,0,0,Kota Takai,0,0,0,$55Th.,0,0,Centre-Back,Kawasaki Frontale,J1 League,0,Japan,-,-,0,0,"Sep 4, 2004(17)"
0,0,94,0,0,Kyohei Noborizato,0,0,0,$880Th.,0,0,Left-Back,Kawasaki Frontale,J1 League,0,Japan,"Feb 1, 2009","Jan 31, 2023",0,0,"Nov 13, 1990(31)"
0,0,95,0,0,Miki Yamane,0,0,0,$1.43m,0,0,Right-Back,Kawasaki Frontale,J1 League,0,Japan,"Jan 4, 2020","Jan 31, 2023",0,0,"Dec 22, 1993(28)"
0,0,96,0,0,João Schmidt,0,0,0,$1.10m,0,0,Defensive Midfield,Kawasaki Frontale,J1 League,0,Brazil,"Jan 9, 2021","Jan 31, 2023",0,0,"May 19, 1993(29)"
0,0,97,0,0,Koki Tsukagawa,0,0,0,$385Th.,0,0,Defensive Midfield,Kawasaki Frontale,J1 League,0,Japan,"Jan 9, 2021","Jan 31, 2023",0,0,"Jul 16, 1994(27)"
0,0,98,0,0,Ryota Oshima,0,0,0,$1.32m,0,0,Central Midfield,Kawasaki Frontale,J1 League,0,Japan,"Feb 1, 2011","Jan 31, 2023",0,0,"Jan 23, 1993(29)"
0,0,99,0,0,Chanathip Songkrasin,0,0,0,$1.65m,0,0,Attacking Midfield,Kawasaki Frontale,J1 League,0,Thailand,"Jan 11, 2022","Jan 31, 2025",0,0,"Oct 5, 1993(28)"
0,0,100,0,0,Kazuki Kozuka,0,0,0,$550Th.,0,0,Attacking Midfield,Kawasaki Frontale,J1 League,0,Japan,"Jan 9, 2021","Jan 31, 2023",0,0,"Aug 2, 1994(27)"
0,0,101,0,0,Ten Miyagi,0,0,0,$330Th.,0,0,Left Winger,Kawasaki Frontale,J1 League,0,Japan,"Feb 1, 2020","Jan 31, 2023",0,0,"Jun 2, 2001(20)"
0,0,102,0,0,Daiya Tono,0,0,0,$770Th.,0,0,Second Striker,Kawasaki Frontale,J1 League,0,Japan,"Jan 4, 2020","Jan 31, 2023",0,0,"Mar 14, 1999(23)"
0,0,103,0,0,Yu Kobayashi,0,0,0,$1.43m,0,0,Centre-Forward,Kawasaki Frontale,J1 League,0,Japan,"Feb 1, 2010","Jan 31, 2023",0,0,"Sep 23, 1987(34)"
0,0,104,0,0,Yuya Oki,0,0,0,$715Th.,0,0,Goalkeeper,Kashima Antlers,J1 League,0,Japan,"Feb 1, 2018","Jan 31, 2023",0,0,"Aug 22, 1999(22)"
0,0,105,0,0,Taiki Yamada,0,0,0,$110Th.,0,0,Goalkeeper,Kashima Antlers,J1 League,0,Japan,"Feb 1, 2020","Jan 31, 2023",0,0,"Jan 8, 2002(20)"
0,0,106,0,0,Min-tae Kim,0,0,0,$770Th.,0,0,Centre-Back,Kashima Antlers,J1 League,0,"Korea, South","Jan 9, 2022","Jan 31, 2023",0,0,"Nov 26, 1993(28)"
0,0,107,0,0,Bueno,0,0,0,$385Th.,0,0,Centre-Back,Kashima Antlers,J1 League,0,Brazil,"Jan 12, 2016","Jan 31, 2023",0,0,"Aug 24, 1995(26)"
0,0,108,0,0,Itsuki Oda,0,0,0,$440Th.,0,0,Left-Back,Kashima Antlers,J1 League,0,Japan,"Feb 1, 2017","Jan 31, 2023",0,0,"Jul 16, 1998(23)"
0,0,109,0,0,Koki Anzai,0,0,0,$770Th.,0,0,Right-Back,Kashima Antlers,J1 League,0,Japan,"Jul 20, 2021","Jan 31, 2026",0,0,"May 31, 1995(26)"
0,0,110,0,0,Rikuto Hirose,0,0,0,$385Th.,0,0,Right-Back,Kashima Antlers,J1 League,0,Japan,"Jan 4, 2020","Jan 31, 2023",0,0,"Sep 23, 1995(26)"
0,0,111,0,0,Ryotaro Nakamura,0,0,0,$385Th.,0,0,Defensive Midfield,Kashima Antlers,J1 League,0,Japan,"Jan 9, 2022","Jan 31, 2023",0,0,"Sep 27, 1997(24)"
0,0,112,0,0,Yusuke Ogawa,0,0,0,$55Th.,0,0,Defensive Midfield,Kashima Antlers,J1 League,0,Japan,"Feb 1, 2021","Jan 31, 2024",0,0,"Apr 14, 2002(20)"
0,0,113,0,0,Ryotaro Araki,0,0,0,$1.05m,0,0,Right Midfield,Kashima Antlers,J1 League,0,Japan,"Feb 1, 2020","Jan 31, 2023",0,0,"Jan 29, 2002(20)"
0,0,114,0,0,Juan Alano,0,0,0,$770Th.,0,0,Right Midfield,Kashima Antlers,J1 League,0,Brazil,"Jan 4, 2020","Jan 31, 2023",0,0,"Sep 2, 1996(25)"
0,0,115,0,0,Ryuji Izumi,0,0,0,$770Th.,0,0,Left Midfield,Kashima Antlers,J1 League,0,Japan,"Jan 4, 2020","Jan 31, 2023",0,0,"Nov 6, 1993(28)"
0,0,116,0,0,Shintaro Nago,0,0,0,$440Th.,0,0,Attacking Midfield,Kashima Antlers,J1 League,0,Japan,"Feb 1, 2019","Jan 31, 2023",0,0,"Apr 17, 1996(26)"
0,0,117,0,0,Shoma Doi,0,0,0,$1.65m,0,0,Second Striker,Kashima Antlers,J1 League,0,Japan,"Feb 1, 2011","Jan 31, 2023",0,0,"May 21, 1992(30)"
0,0,118,0,0,Ayase Ueda,0,0,0,$1.32m,0,0,Centre-Forward,Kashima Antlers,J1 League,0,Japan,"Jul 26, 2019","Jan 31, 2023",0,0,"Aug 28, 1998(23)"
0,0,119,0,0,Itsuki Someno,0,0,0,$220Th.,0,0,Centre-Forward,Kashima Antlers,J1 League,0,Japan,"Feb 1, 2020","Jan 31, 2023",0,0,"Sep 12, 2001(20)"
0,0,120,0,0,Sun-tae Kwon,0,0,0,$330Th.,0,0,Goalkeeper,Kashima Antlers,J1 League,0,"Korea, South","Jan 28, 2017","Jan 31, 2023",0,0,"Sep 11, 1984(37)"
0,0,121,0,0,Tomoki Hayakawa,0,0,0,$55Th.,0,0,Goalkeeper,Kashima Antlers,J1 League,0,Japan,"Feb 1, 2021","Jan 31, 2023",0,0,"Mar 3, 1999(23)"
0,0,122,0,0,Ikuma Sekigawa,0,0,0,$440Th.,0,0,Centre-Back,Kashima Antlers,J1 League,0,Japan,"Feb 1, 2019","Jan 31, 2023",0,0,"Sep 13, 2000(21)"
0,0,123,0,0,Naoki Hayashi,0,0,0,$110Th.,0,0,Centre-Back,Kashima Antlers,J1 League,0,Japan,"Feb 1, 2021","Jan 31, 2023",0,0,"Jun 9, 1998(23)"
0,0,124,0,0,Shuhei Mizoguchi,0,0,0,-,0,0,Left-Back,Kashima Antlers,J1 League,0,Japan,"Feb 1, 2022","Jan 31, 2025",0,0,"Feb 13, 2004(18)"
0,0,125,0,0,Keigo Tsunemoto,0,0,0,$495Th.,0,0,Right-Back,Kashima Antlers,J1 League,0,Japan,"Feb 1, 2021","Jan 31, 2023",0,0,"Oct 21, 1998(23)"
0,0,126,0,0,Kento Misao,0,0,0,$1.76m,0,0,Defensive Midfield,Kashima Antlers,J1 League,0,Japan,"Jan 12, 2016","Jan 31, 2023",0,0,"Apr 16, 1996(26)"
0,0,127,0,0,Yu Funabashi,0,0,0,$83Th.,0,0,Defensive Midfield,Kashima Antlers,J1 League,0,Japan,"Feb 1, 2021","Jan 31, 2024",0,0,"Jul 12, 2002(19)"
0,0,128,0,0,Diego Pituca,0,0,0,$2.42m,0,0,Central Midfield,Kashima Antlers,J1 League,0,Brazil,"Jan 31, 2021","Jan 31, 2024",0,0,"Aug 15, 1992(29)"
0,0,129,0,0,Yuta Higuchi,0,0,0,$880Th.,0,0,Right Midfield,Kashima Antlers,J1 League,0,Japan,"Jan 9, 2022","Jan 31, 2023",0,0,"Oct 30, 1996(25)"
0,0,130,0,0,Yuta Matsumura,0,0,0,$330Th.,0,0,Right Midfield,Kashima Antlers,J1 League,0,Japan,"Feb 1, 2020","Jan 31, 2023",0,0,"Apr 13, 2001(21)"
0,0,131,0,0,Hayato Nakama,0,0,0,$715Th.,0,0,Left Midfield,Kashima Antlers,J1 League,0,Japan,"Jan 9, 2022","Jan 31, 2023",0,0,"May 16, 1992(30)"
0,0,132,0,0,Arthur Caíke,0,0,0,$1.05m,0,0,Left Winger,Kashima Antlers,J1 League,0,Brazil,"Jan 31, 2021","Jan 31, 2023",0,0,"Jun 15, 1992(29)"
0,0,133,0,0,Yuma Suzuki,0,0,0,$2.20m,0,0,Centre-Forward,Kashima Antlers,J1 League,0,Japan,"Jan 9, 2022","Jan 31, 2023",0,0,"Apr 26, 1996(26)"
0,0,134,0,0,Everaldo,0,0,0,$1.21m,0,0,Centre-Forward,Kashima Antlers,J1 League,0,Brazil,"Jan 4, 2020","Jan 31, 2023",0,0,"Jul 5, 1991(30)"
0,0,135,0,0,Yohei Takaoka,0,0,0,$770Th.,0,0,Goalkeeper,Yokohama F. Marinos,J1 League,0,Japan,"Oct 23, 2020","Jan 31, 2023",0,0,"Mar 16, 1996(26)"
0,0,136,0,0,Hirotsugu Nakabayashi,0,0,0,$83Th.,0,0,Goalkeeper,Yokohama F. Marinos,J1 League,0,Japan,"Feb 1, 2020","Jan 31, 2023",0,0,"Apr 28, 1986(36)"
0,0,137,0,0,Shinnosuke Hatanaka,0,0,0,$1.21m,0,0,Centre-Back,Yokohama F. Marinos,J1 League,0,Japan,"Aug 14, 2018","Jan 31, 2023",0,0,"Aug 25, 1995(26)"
0,0,138,0,0,Eduardo,0,0,0,$880Th.,0,0,Centre-Back,Yokohama F. Marinos,J1 League,0,Brazil,"Feb 2, 2022","Jan 31, 2025",0,0,"Apr 27, 1993(29)"
0,0,139,0,0,Ryotaro Tsunoda,0,0,0,$55Th.,0,0,Centre-Back,Yokohama F. Marinos,J1 League,0,Japan,"Jul 12, 2021","Jan 31, 2025",0,0,"Jun 27, 1999(22)"
0,0,140,0,0,Yuta Koike,0,0,0,$275Th.,0,0,Left-Back,Yokohama F. Marinos,J1 League,0,Japan,"Jan 9, 2022","Jan 31, 2023",0,0,"Nov 6, 1996(25)"
0,0,141,0,0,Ryuta Koike,0,0,0,$880Th.,0,0,Right-Back,Yokohama F. Marinos,J1 League,0,Japan,"May 29, 2020","Jan 31, 2023",0,0,"Aug 29, 1995(26)"
0,0,142,0,0,Takuya Kida,0,0,0,$1.21m,0,0,Defensive Midfield,Yokohama F. Marinos,J1 League,0,Japan,"Feb 1, 2013","Jan 31, 2023",0,0,"Aug 23, 1994(27)"
0,0,143,0,0,Yusuke Nishida,0,0,0,$55Th.,0,0,Defensive Midfield,Yokohama F. Marinos,J1 League,0,Japan,"Feb 1, 2022",-,0,0,"Aug 6, 2003(18)"
0,0,144,0,0,Kota Mizunuma,0,0,0,$1.05m,0,0,Right Midfield,Yokohama F. Marinos,J1 League,0,Japan,"Jan 4, 2020","Jan 31, 2023",0,0,"Feb 22, 1990(32)"
0,0,145,0,0,Ryonosuke Kabayama,0,0,0,$248Th.,0,0,Left Midfield,Yokohama F. Marinos,J1 League,0,Japan,"Feb 1, 2021","Jan 31, 2024",0,0,"Sep 17, 2002(19)"
0,0,146,0,0,Kota Watanabe,0,0,0,$770Th.,0,0,Attacking Midfield,Yokohama F. Marinos,J1 League,0,Japan,"Aug 8, 2019","Jan 31, 2023",0,0,"Oct 18, 1998(23)"
0,0,147,0,0,Teruhito Nakagawa,0,0,0,$1.65m,0,0,Right Winger,Yokohama F. Marinos,J1 League,0,Japan,"Feb 1, 2015","Jan 31, 2023",0,0,"Jul 27, 1992(29)"
0,0,148,0,0,Takuma Nishimura,0,0,0,$770Th.,0,0,Second Striker,Yokohama F. Marinos,J1 League,0,Japan,"Jan 9, 2022","Jan 31, 2023",0,0,"Oct 22, 1996(25)"
0,0,149,0,0,Léo Ceará,0,0,0,$880Th.,0,0,Centre-Forward,Yokohama F. Marinos,J1 League,0,Brazil,"Jan 23, 2021","Dec 31, 2023",0,0,"Feb 3, 1995(27)"
0,0,150,0,0,Powell Obinna Obi,0,0,0,$330Th.,0,0,Goalkeeper,Yokohama F. Marinos,J1 League,0,Japan,"Feb 1, 2020","Jan 31, 2023",0,0,"Dec 18, 1997(24)"
0,0,151,0,0,Tomoki Tagawa,0,0,0,$55Th.,0,0,Goalkeeper,Yokohama F. Marinos,J1 League,0,Japan,"Feb 1, 2021","Jan 31, 2024",0,0,"Sep 18, 2002(19)"
0,0,152,0,0,Tomoki Iwata,0,0,0,$1.10m,0,0,Centre-Back,Yokohama F. Marinos,J1 League,0,Japan,"Jan 9, 2021","Jan 31, 2025",0,0,"Apr 7, 1997(25)"
0,0,153,0,0,Yuki Saneto,0,0,0,$248Th.,0,0,Centre-Back,Yokohama F. Marinos,J1 League,0,Japan,"Mar 23, 2020","Jan 31, 2023",0,0,"Jan 19, 1989(33)"
0,0,154,0,0,Katsuya Nagato,0,0,0,$880Th.,0,0,Left-Back,Yokohama F. Marinos,J1 League,0,Japan,"Jan 9, 2022","Jan 31, 2023",0,0,"Jan 15, 1995(27)"
0,0,155,0,0,Ko Ikeda,0,0,0,$28Th.,0,0,Left-Back,Yokohama F. Marinos,J1 League,0,Japan,"Feb 1, 2020","Jan 31, 2023",0,0,"Jul 4, 2001(20)"
0,0,156,0,0,Ken Matsubara,0,0,0,$715Th.,0,0,Right-Back,Yokohama F. Marinos,J1 League,0,Japan,"Jan 6, 2017","Jan 31, 2023",0,0,"Feb 16, 1993(29)"
0,0,157,0,0,Joel Chima Fujita,0,0,0,$660Th.,0,0,Defensive Midfield,Yokohama F. Marinos,J1 League,0,Japan,"Jan 9, 2022","Jan 31, 2023",0,0,"Feb 16, 2002(20)"
0,0,158,0,0,Riku Yamane,0,0,0,$55Th.,0,0,Central Midfield,Yokohama F. Marinos,J1 League,0,Japan,"Feb 1, 2022","Jan 31, 2025",0,0,"Aug 17, 2003(18)"
0,0,159,0,0,Kaina Yoshio,0,0,0,$770Th.,0,0,Right Midfield,Yokohama F. Marinos,J1 League,0,Japan,"Feb 1, 2017","Jan 31, 2023",0,0,"Jun 28, 1998(23)"
0,0,160,0,0,Marcos Júnior,0,0,0,$2.09m,0,0,Attacking Midfield,Yokohama F. Marinos,J1 League,0,Brazil,"Jan 4, 2019","Jan 31, 2023",0,0,"Jan 19, 1993(29)"
0,0,161,0,0,Élber,0,0,0,$1.32m,0,0,Left Winger,Yokohama F. Marinos,J1 League,0,Brazil,"Jan 9, 2021","Jan 31, 2024",0,0,"May 27, 1992(29)"
0,0,162,0,0,Ryo Miyaichi,0,0,0,$385Th.,0,0,Right Winger,Yokohama F. Marinos,J1 League,0,Japan,"Jul 12, 2021","Jan 31, 2023",0,0,"Dec 14, 1992(29)"
0,0,163,0,0,Anderson Lopes,0,0,0,$1.32m,0,0,Centre-Forward,Yokohama F. Marinos,J1 League,0,Brazil,"Feb 3, 2022","Jan 31, 2024",0,0,"Sep 15, 1993(28)"
0,0,164,0,0,Talla Ndao,0,0,0,$55Th.,0,0,Centre-Forward,Yokohama F. Marinos,J1 League,0,Japan,"Feb 1, 2021","Jan 31, 2023",0,0,"Feb 23, 1999(23)"
0,0,165,0,0,Hinata Kawai,0,0,0,-,0,0,defence,Cerezo Osaka,J1 League,0,Japan,-,-,0,0,"Apr 23, 2004(18)"
0,0,166,0,0,Jin-hyeon Kim,0,0,0,$880Th.,0,0,Goalkeeper,Cerezo Osaka,J1 League,0,"Korea, South","Jan 1, 2009","Jan 31, 2023",0,0,"Jul 6, 1987(34)"
0,0,167,0,0,Keisuke Shimizu,0,0,0,$248Th.,0,0,Goalkeeper,Cerezo Osaka,J1 League,0,Japan,"Jan 9, 2022","Jan 31, 2023",0,0,"Nov 25, 1988(33)"
0,0,168,0,0,Kohei Maki,0,0,0,$28Th.,0,0,Goalkeeper,Cerezo Osaka,J1 League,0,Japan,"Jan 12, 2022","Jan 31, 2023",0,0,"Jul 31, 1998(23)"
0,0,169,0,0,Matej Jonjic,0,0,0,$1.10m,0,0,Centre-Back,Cerezo Osaka,J1 League,0,Croatia,"Feb 17, 2022","Jan 31, 2023",0,0,"Jan 29, 1991(31)"
0,0,170,0,0,Tatsuya Yamashita,0,0,0,$275Th.,0,0,Centre-Back,Cerezo Osaka,J1 League,0,Japan,"Jan 12, 2022","Jan 31, 2023",0,0,"Nov 7, 1987(34)"
0,0,171,0,0,Yusuke Maruhashi,0,0,0,$1.32m,0,0,Left-Back,Cerezo Osaka,J1 League,0,Japan,"Feb 1, 2009","Jan 31, 2023",0,0,"Sep 2, 1990(31)"
0,0,172,0,0,Kakeru Funaki,0,0,0,$275Th.,0,0,Left-Back,Cerezo Osaka,J1 League,0,Japan,"Feb 1, 2017","Jan 31, 2023",0,0,"Apr 13, 1998(24)"
0,0,173,0,0,Seiya Maikuma,0,0,0,$715Th.,0,0,Right-Back,Cerezo Osaka,J1 League,0,Japan,"Jan 9, 2022","Jan 31, 2023",0,0,"Oct 16, 1997(24)"
0,0,174,0,0,Hinata Kida,0,0,0,$275Th.,0,0,Defensive Midfield,Cerezo Osaka,J1 League,0,Japan,"Aug 31, 2018","Jan 31, 2023",0,0,"Jul 4, 2000(21)"
0,0,175,0,0,Hiroaki Okuno,0,0,0,$770Th.,0,0,Central Midfield,Cerezo Osaka,J1 League,0,Japan,"Jan 4, 2019","Jan 31, 2023",0,0,"Aug 14, 1989(32)"
0,0,176,0,0,Hikaru Nakahara,0,0,0,$660Th.,0,0,Right Midfield,Cerezo Osaka,J1 League,0,Japan,"Jan 9, 2022","Jan 31, 2023",0,0,"Jul 8, 1996(25)"
0,0,177,0,0,Satoki Uejo,0,0,0,$935Th.,0,0,Left Midfield,Cerezo Osaka,J1 League,0,Japan,"Jan 9, 2022","Jan 31, 2023",0,0,"Apr 27, 1997(25)"
0,0,178,0,0,Haruki Arai,0,0,0,$83Th.,0,0,Left Midfield,Cerezo Osaka,J1 League,0,Japan,"Jul 1, 2021","Jan 31, 2023",0,0,"Apr 12, 1998(24)"
0,0,179,0,0,Takashi Inui,0,0,0,$1.43m,0,0,Left Winger,Cerezo Osaka,J1 League,0,Japan,"Aug 31, 2021","Jan 31, 2024",0,0,"Jun 2, 1988(33)"
0,0,180,0,0,Adam Taggart,0,0,0,$935Th.,0,0,Centre-Forward,Cerezo Osaka,J1 League,0,Australia,"Jan 9, 2021","Jan 31, 2023",0,0,"Jun 2, 1993(28)"
0,0,181,0,0,Mutsuki Kato,0,0,0,$825Th.,0,0,Centre-Forward,Cerezo Osaka,J1 League,0,Japan,"Jan 9, 2021","Jan 31, 2023",0,0,"Aug 6, 1997(24)"
0,0,182,0,0,Nelson Ishiwatari,0,0,0,-,0,0,midfield,Cerezo Osaka,J1 League,0,Japan,-,-,0,0,"May 10, 2005(17)"
0,0,183,0,0,Van Lam Dang,0,0,0,$248Th.,0,0,Goalkeeper,Cerezo Osaka,J1 League,0,Vietnam,"Jan 30, 2021","Jan 31, 2023",0,0,"Aug 13, 1993(28)"
0,0,184,0,0,Ryusei Haruna,0,0,0,$55Th.,0,0,Goalkeeper,Cerezo Osaka,J1 League,0,Japan,-,-,0,0,"May 1, 2004(18)"
0,0,185,0,0,Ryosuke Shindo,0,0,0,$1.10m,0,0,Centre-Back,Cerezo Osaka,J1 League,0,Japan,"Jan 9, 2021","Jan 31, 2023",0,0,"Jun 7, 1996(25)"
0,0,186,0,0,Ryuya Nishio,0,0,0,$550Th.,0,0,Centre-Back,Cerezo Osaka,J1 League,0,Japan,"Feb 1, 2020","Jan 31, 2026",0,0,"May 16, 2001(21)"
0,0,187,0,0,Koji Toriumi,0,0,0,$275Th.,0,0,Centre-Back,Cerezo Osaka,J1 League,0,Japan,"Jan 9, 2021","Jan 31, 2023",0,0,"May 9, 1995(27)"
0,0,188,0,0,Ryosuke Yamanaka,0,0,0,$880Th.,0,0,Left-Back,Cerezo Osaka,J1 League,0,Japan,"Jan 9, 2022","Jan 31, 2023",0,0,"Apr 20, 1993(29)"
0,0,189,0,0,Riku Matsuda,0,0,0,$1.21m,0,0,Right-Back,Cerezo Osaka,J1 League,0,Japan,"Jan 8, 2016","Jan 31, 2023",0,0,"Jul 24, 1991(30)"
0,0,190,0,0,Tokuma Suzuki,0,0,0,$660Th.,0,0,Defensive Midfield,Cerezo Osaka,J1 League,0,Japan,"Jan 9, 2022","Jan 31, 2023",0,0,"Mar 12, 1997(25)"
0,0,191,0,0,Kosei Okazawa,0,0,0,$165Th.,0,0,Defensive Midfield,Cerezo Osaka,J1 League,0,Japan,"Feb 1, 2022","Jan 31, 2025",0,0,"Oct 22, 2003(18)"
0,0,192,0,0,Riki Harakawa,0,0,0,$660Th.,0,0,Central Midfield,Cerezo Osaka,J1 League,0,Japan,"Jan 9, 2021","Jan 31, 2023",0,0,"Aug 18, 1993(28)"
0,0,193,0,0,Hiroshi Kiyotake,0,0,0,$1.76m,0,0,Left Midfield,Cerezo Osaka,J1 League,0,Japan,"Feb 1, 2017","Jan 31, 2024",0,0,"Nov 12, 1989(32)"
0,0,194,0,0,Hirotaka Tameda,0,0,0,$330Th.,0,0,Left Midfield,Cerezo Osaka,J1 League,0,Japan,"Jan 9, 2021","Jan 31, 2023",0,0,"Aug 24, 1993(28)"
0,0,195,0,0,Sota Kitano,0,0,0,$11Th.,0,0,Attacking Midfield,Cerezo Osaka,J1 League,0,Japan,-,-,0,0,"Aug 13, 2004(17)"
0,0,196,0,0,Jean Patric,0,0,0,$440Th.,0,0,Right Winger,Cerezo Osaka,J1 League,0,Brazil,"Jan 5, 2022","Jan 31, 2023",0,0,"May 14, 1997(25)"
0,0,197,0,0,Bruno Mendes,0,0,0,$825Th.,0,0,Centre-Forward,Cerezo Osaka,J1 League,0,Brazil,"Feb 1, 2022","Jan 31, 2023",0,0,"Aug 2, 1994(27)"
0,0,198,0,0,Hiroto Yamada,0,0,0,$385Th.,0,0,Centre-Forward,Cerezo Osaka,J1 League,0,Japan,"Feb 1, 2018","Jan 31, 2025",0,0,"Mar 7, 2000(22)"
0,0,199,0,0,Koki Toyoda,0,0,0,$55Th.,0,0,attack,Nagoya Grampus,J1 League,0,Japan,"Feb 1, 2022",-,0,0,"Apr 11, 2003(19)"
0,0,200,0,0,Seiryo Usui,0,0,0,-,0,0,midfield,Nagoya Grampus,J1 League,0,Japan,-,-,0,0,"Jun 17, 2004(17)"
0,0,201,0,0,Kosuke Uchida,0,0,0,-,0,0,midfield,Nagoya Grampus,J1 League,0,Japan,-,-,0,0,"Jul 25, 2005(16)"
0,0,202,0,0,Kyota Sakakibara,0,0,0,-,0,0,midfield,Nagoya Grampus,J1 League,0,Japan,"May 12, 2022",-,0,0,"Oct 20, 2001(20)"
0,0,203,0,0,Yohei Takeda,0,0,0,$83Th.,0,0,Goalkeeper,Nagoya Grampus,J1 League,0,Japan,"Jan 8, 2016","Jan 31, 2023",0,0,"Jun 30, 1987(34)"
0,0,204,0,0,John Higashi,0,0,0,$28Th.,0,0,Goalkeeper,Nagoya Grampus,J1 League,0,Japan,"Feb 1, 2021","Jan 31, 2024",0,0,"May 2, 2002(20)"
0,0,205,0,0,Shinnosuke Nakatani,0,0,0,$1.43m,0,0,Centre-Back,Nagoya Grampus,J1 League,0,Japan,"Jul 16, 2018","Jan 31, 2023",0,0,"Mar 24, 1996(26)"
0,0,206,0,0,Tiago Pagnussat,0,0,0,$550Th.,0,0,Centre-Back,Nagoya Grampus,J1 League,0,Brazil,"Jan 31, 2022","Jan 31, 2023",0,0,"Jun 17, 1990(31)"
0,0,207,0,0,Akira Yoshida,0,0,0,$55Th.,0,0,Centre-Back,Nagoya Grampus,J1 League,0,Japan,"Feb 1, 2020","Jan 31, 2023",0,0,"Jul 9, 2001(20)"
0,0,208,0,0,Akinari Kawazura,0,0,0,$385Th.,0,0,Left-Back,Nagoya Grampus,J1 League,0,Japan,"Jan 9, 2022","Jan 31, 2023",0,0,"May 3, 1994(28)"
0,0,209,0,0,Ryoya Morishita,0,0,0,$550Th.,0,0,Right-Back,Nagoya Grampus,J1 League,0,Japan,"Jan 9, 2021","Jan 31, 2023",0,0,"Apr 11, 1997(25)"
0,0,210,0,0,Léo Silva,0,0,0,$550Th.,0,0,Defensive Midfield,Nagoya Grampus,J1 League,0,Brazil,"Jan 9, 2022","Jan 31, 2023",0,0,"Dec 24, 1985(36)"
0,0,211,0,0,Kazuki Nagasawa,0,0,0,$825Th.,0,0,Central Midfield,Nagoya Grampus,J1 League,0,Japan,"Jan 9, 2021","Jan 31, 2023",0,0,"Dec 16, 1991(30)"
0,0,212,0,0,Noriyoshi Sakai,0,0,0,$550Th.,0,0,Left Midfield,Nagoya Grampus,J1 League,0,Japan,"Jan 9, 2022","Jan 31, 2023",0,0,"Nov 9, 1992(29)"
0,0,213,0,0,Keiya Sento,0,0,0,$880Th.,0,0,Attacking Midfield,Nagoya Grampus,J1 League,0,Japan,"Jan 9, 2022","Jan 31, 2023",0,0,"Dec 29, 1994(27)"
0,0,214,0,0,Yuki Soma,0,0,0,$990Th.,0,0,Left Winger,Nagoya Grampus,J1 League,0,Japan,"Feb 1, 2019","Jan 31, 2023",0,0,"Feb 25, 1997(25)"
0,0,215,0,0,Mateus,0,0,0,$1.65m,0,0,Right Winger,Nagoya Grampus,J1 League,0,Brazil,"Jan 6, 2019","Dec 31, 2024",0,0,"Sep 11, 1994(27)"
0,0,216,0,0,Jakub Swierczok,0,0,0,$2.97m,0,0,Centre-Forward,Nagoya Grampus,J1 League,0,Poland,"Jul 20, 2021","Jan 31, 2024",0,0,"Dec 28, 1992(29)"
0,0,217,0,0,Hidemasa Koda,0,0,0,$55Th.,0,0,midfield,Nagoya Grampus,J1 League,0,Japan,"Feb 1, 2022",-,0,0,"Oct 2, 2003(18)"
0,0,218,0,0,Haruto Suzuki,0,0,0,-,0,0,midfield,Nagoya Grampus,J1 League,0,Japan,-,-,0,0,"May 17, 2005(17)"
0,0,219,0,0,Soma Ota,0,0,0,-,0,0,defence,Nagoya Grampus,J1 League,0,Japan,-,-,0,0,"Jul 1, 2005(16)"
0,0,220,0,0,Mitchell Langerak,0,0,0,$990Th.,0,0,Goalkeeper,Nagoya Grampus,J1 League,0,Australia,"Jan 14, 2018","Jan 31, 2023",0,0,"Aug 22, 1988(33)"
0,0,221,0,0,Tsubasa Shibuya,0,0,0,$55Th.,0,0,Goalkeeper,Nagoya Grampus,J1 League,0,Japan,"Jan 10, 2017","Jan 31, 2023",0,0,"Jan 27, 1995(27)"
0,0,222,0,0,Masaharu Kitahashi,0,0,0,-,0,0,Goalkeeper,Nagoya Grampus,J1 League,0,Japan,-,-,0,0,"Jul 9, 2004(17)"
0,0,223,0,0,Yuichi Maruyama,0,0,0,$770Th.,0,0,Centre-Back,Nagoya Grampus,J1 League,0,Japan,"Jul 16, 2018","Jan 31, 2023",0,0,"Jun 16, 1989(32)"
0,0,224,0,0,Haruya Fujii,0,0,0,$138Th.,0,0,Centre-Back,Nagoya Grampus,J1 League,0,Japan,"Feb 1, 2019","Jan 31, 2023",0,0,"Dec 26, 2000(21)"
0,0,225,0,0,Yutaka Yoshida,0,0,0,$880Th.,0,0,Left-Back,Nagoya Grampus,J1 League,0,Japan,"Jan 13, 2019","Jan 31, 2023",0,0,"Feb 17, 1990(32)"
0,0,226,0,0,Kazuya Miyahara,0,0,0,$605Th.,0,0,Right-Back,Nagoya Grampus,J1 League,0,Japan,"Feb 1, 2019","Jan 31, 2023",0,0,"Mar 22, 1996(26)"
0,0,227,0,0,Sho Inagaki,0,0,0,$1.43m,0,0,Defensive Midfield,Nagoya Grampus,J1 League,0,Japan,"Jan 4, 2020","Jan 31, 2023",0,0,"Dec 25, 1991(30)"
0,0,228,0,0,Haruki Yoshida,0,0,0,$55Th.,0,0,Defensive Midfield,Nagoya Grampus,J1 League,0,Japan,"Feb 1, 2022",-,0,0,"Apr 29, 2003(19)"
0,0,229,0,0,Ryotaro Ishida,0,0,0,$83Th.,0,0,Right Midfield,Nagoya Grampus,J1 League,0,Japan,"Feb 1, 2020","Jan 31, 2023",0,0,"Dec 13, 2001(20)"
0,0,230,0,0,Hiroyuki Abe,0,0,0,$880Th.,0,0,Attacking Midfield,Nagoya Grampus,J1 League,0,Japan,"Jan 4, 2020","Jan 31, 2023",0,0,"Jul 5, 1989(32)"
0,0,231,0,0,Takuya Uchida,0,0,0,$385Th.,0,0,Attacking Midfield,Nagoya Grampus,J1 League,0,Japan,"Mar 28, 2022","Jan 31, 2023",0,0,"Jun 2, 1998(23)"
0,0,232,0,0,Manabu Saito,0,0,0,$715Th.,0,0,Left Winger,Nagoya Grampus,J1 League,0,Japan,"Jan 9, 2021","Jan 31, 2023",0,0,"Apr 4, 1990(32)"
0,0,233,0,0,Yoichiro Kakitani,0,0,0,$880Th.,0,0,Second Striker,Nagoya Grampus,J1 League,0,Japan,"Jan 9, 2021","Jan 31, 2023",0,0,"Jan 3, 1990(32)"
0,0,234,0,0,Mu Kanazaki,0,0,0,$770Th.,0,0,Centre-Forward,Nagoya Grampus,J1 League,0,Japan,"Feb 1, 2021","Jan 31, 2023",0,0,"Feb 16, 1989(33)"
0,0,235,0,0,Shuta Kikuchi,0,0,0,$55Th.,0,0,defence,Shimizu S-Pulse,J1 League,0,Japan,"Feb 1, 2022",-,0,0,"Aug 16, 2003(18)"
0,0,236,0,0,Aoi Ando,0,0,0,-,0,0,midfield,Shimizu S-Pulse,J1 League,0,Japan,-,-,0,0,"Jan 4, 2005(17)"
0,0,237,0,0,Ryunosuke Yada,0,0,0,-,0,0,midfield,Shimizu S-Pulse,J1 League,0,Japan,-,-,0,0,"Sep 30, 2006(15)"
0,0,238,0,0,Takuo Okubo,0,0,0,$220Th.,0,0,Goalkeeper,Shimizu S-Pulse,J1 League,0,Japan,"Aug 5, 2019","Jan 31, 2023",0,0,"Sep 18, 1989(32)"
0,0,239,0,0,Fugetsu Kitamura,0,0,0,-,0,0,Goalkeeper,Shimizu S-Pulse,J1 League,0,Japan,-,-,0,0,"Dec 6, 2005(16)"
0,0,240,0,0,Valdo,0,0,0,$715Th.,0,0,Centre-Back,Shimizu S-Pulse,J1 League,0,Brazil,"Jan 15, 2020","Jan 31, 2023",0,0,"Feb 10, 1992(30)"
0,0,241,0,0,Akira Ibayashi,0,0,0,$440Th.,0,0,Centre-Back,Shimizu S-Pulse,J1 League,0,Japan,"Jul 12, 2021","Jan 31, 2023",0,0,"Sep 5, 1990(31)"
0,0,242,0,0,Teruki Hara,0,0,0,$770Th.,0,0,Right-Back,Shimizu S-Pulse,J1 League,0,Japan,"Jan 9, 2021","Jan 31, 2023",0,0,"Jul 30, 1998(23)"
0,0,243,0,0,Ronaldo,0,0,0,$770Th.,0,0,Defensive Midfield,Shimizu S-Pulse,J1 League,0,Brazil,"Jul 23, 2021","Jan 31, 2023",0,0,"Oct 23, 1996(25)"
0,0,244,0,0,Kota Miyamoto,0,0,0,$385Th.,0,0,Defensive Midfield,Shimizu S-Pulse,J1 League,0,Japan,"Feb 1, 2015","Jan 31, 2023",0,0,"Jun 19, 1996(25)"
0,0,245,0,0,Ryo Takeuchi,0,0,0,$605Th.,0,0,Central Midfield,Shimizu S-Pulse,J1 League,0,Japan,"Feb 1, 2009","Jan 31, 2023",0,0,"Mar 8, 1991(31)"
0,0,246,0,0,Takeru Kishimoto,0,0,0,$935Th.,0,0,Right Midfield,Shimizu S-Pulse,J1 League,0,Japan,"Jan 9, 2022","Jan 31, 2023",0,0,"Jul 16, 1997(24)"
0,0,247,0,0,Katsuhiro Nakayama,0,0,0,$495Th.,0,0,Right Midfield,Shimizu S-Pulse,J1 League,0,Japan,"Jan 9, 2021","Jan 31, 2023",0,0,"Jul 17, 1996(25)"
0,0,248,0,0,Kenta Nishizawa,0,0,0,$715Th.,0,0,Left Midfield,Shimizu S-Pulse,J1 League,0,Japan,"Feb 1, 2019","Jan 31, 2023",0,0,"Sep 6, 1996(25)"
0,0,249,0,0,Ryohei Shirasaki,0,0,0,$825Th.,0,0,Attacking Midfield,Shimizu S-Pulse,J1 League,0,Japan,"Feb 1, 2022","Jan 31, 2023",0,0,"May 18, 1993(29)"
0,0,250,0,0,Yuito Suzuki,0,0,0,$550Th.,0,0,Attacking Midfield,Shimizu S-Pulse,J1 League,0,Japan,"Feb 1, 2020","Jan 31, 2023",0,0,"Oct 25, 2001(20)"
0,0,251,0,0,Yusuke Goto,0,0,0,$550Th.,0,0,Second Striker,Shimizu S-Pulse,J1 League,0,Japan,"Jan 4, 2020","Jan 31, 2023",0,0,"Apr 23, 1993(29)"
0,0,252,0,0,Se-hun Oh,0,0,0,$825Th.,0,0,Centre-Forward,Shimizu S-Pulse,J1 League,0,"Korea, South","Feb 24, 2022","Jan 1, 2024",0,0,"Jan 15, 1999(23)"
0,0,253,0,0,Ibrahim Junior Kuribara,0,0,0,$55Th.,0,0,Centre-Forward,Shimizu S-Pulse,J1 League,0,Japan,"Feb 1, 2020","Jan 31, 2023",0,0,"Aug 14, 2001(20)"
0,0,254,0,0,Nagi Kawatani,0,0,0,-,0,0,midfield,Shimizu S-Pulse,J1 League,0,Japan,"Feb 1, 2022","Jan 31, 2025",0,0,"Jul 6, 2003(18)"
0,0,255,0,0,Riku Yamada,0,0,0,-,0,0,midfield,Shimizu S-Pulse,J1 League,0,Japan,-,-,0,0,"May 15, 2004(18)"
0,0,256,0,0,Shuichi Gonda,0,0,0,$550Th.,0,0,Goalkeeper,Shimizu S-Pulse,J1 League,0,Japan,"Jan 9, 2022","Jan 31, 2023",0,0,"Mar 3, 1989(33)"
0,0,257,0,0,Kengo Nagai,0,0,0,$220Th.,0,0,Goalkeeper,Shimizu S-Pulse,J1 League,0,Japan,"Feb 1, 2021","Jan 31, 2023",0,0,"Nov 6, 1994(27)"
0,0,258,0,0,Yoshinori Suzuki,0,0,0,$770Th.,0,0,Centre-Back,Shimizu S-Pulse,J1 League,0,Japan,"Jan 9, 2021","Jan 31, 2023",0,0,"Sep 11, 1992(29)"
0,0,259,0,0,Yugo Tatsuta,0,0,0,$550Th.,0,0,Centre-Back,Shimizu S-Pulse,J1 League,0,Japan,"Feb 1, 2017","Jan 31, 2023",0,0,"Jun 21, 1998(23)"
0,0,260,0,0,Eiichi Katayama,0,0,0,$440Th.,0,0,Left-Back,Shimizu S-Pulse,J1 League,0,Japan,"Jan 9, 2021","Jan 31, 2023",0,0,"Nov 30, 1991(30)"
0,0,261,0,0,Reon Yamahara,0,0,0,$83Th.,0,0,Right-Back,Shimizu S-Pulse,J1 League,0,Japan,"Feb 1, 2022",-,0,0,"Jun 8, 1999(22)"
0,0,262,0,0,Renato Augusto,0,0,0,$660Th.,0,0,Defensive Midfield,Shimizu S-Pulse,J1 League,0,Brazil,"Jan 30, 2019","Jan 31, 2023",0,0,"Jan 29, 1992(30)"
0,0,263,0,0,Daiki Matsuoka,0,0,0,$990Th.,0,0,Central Midfield,Shimizu S-Pulse,J1 League,0,Japan,"Aug 2, 2021","Jan 31, 2023",0,0,"Jun 1, 2001(20)"
0,0,264,0,0,Hikaru Naruoka,0,0,0,$138Th.,0,0,Central Midfield,Shimizu S-Pulse,J1 League,0,Japan,"Feb 1, 2021","Jan 31, 2024",0,0,"Jul 28, 2002(19)"
0,0,265,0,0,Daigo Takahashi,0,0,0,$770Th.,0,0,Right Midfield,Shimizu S-Pulse,J1 League,0,Japan,"Feb 1, 2018","Jan 31, 2023",0,0,"Apr 17, 1999(23)"
0,0,266,0,0,Yuta Taki,0,0,0,$248Th.,0,0,Right Midfield,Shimizu S-Pulse,J1 League,0,Japan,"Feb 1, 2018","Jan 31, 2023",0,0,"Aug 29, 1999(22)"
0,0,267,0,0,Benjamin Kololli,0,0,0,$660Th.,0,0,Left Midfield,Shimizu S-Pulse,J1 League,0,Kosovo,"Jul 23, 2021","Jan 31, 2024",0,0,"May 15, 1992(30)"
0,0,268,0,0,Yuta Kamiya,0,0,0,$660Th.,0,0,Attacking Midfield,Shimizu S-Pulse,J1 League,0,Japan,"Jan 9, 2022","Jan 31, 2023",0,0,"Apr 24, 1997(25)"
0,0,269,0,0,Carlinhos Junior,0,0,0,$1.54m,0,0,Left Winger,Shimizu S-Pulse,J1 League,0,Brazil,"Feb 20, 2020","Jan 1, 2023",0,0,"Aug 8, 1994(27)"
0,0,270,0,0,Thiago,0,0,0,$1.87m,0,0,Centre-Forward,Shimizu S-Pulse,J1 League,0,Brazil,"Jan 9, 2021","Dec 31, 2023",0,0,"Feb 4, 1993(29)"
0,0,271,0,0,Akira Silvano Disaro,0,0,0,$495Th.,0,0,Centre-Forward,Shimizu S-Pulse,J1 League,0,Japan,"Jan 9, 2021","Jan 31, 2024",0,0,"Apr 2, 1996(26)"
0,0,272,0,0,Takumi Kato,0,0,0,$55Th.,0,0,Centre-Forward,Shimizu S-Pulse,J1 League,0,Japan,"Feb 1, 2022","Jan 31, 2022",0,0,"Jul 16, 1999(22)"
0,0,273,0,0,Yuki Kajiura,0,0,0,$55Th.,0,0,midfield,FC Tokyo,J1 League,0,Japan,"Feb 1, 2022",-,0,0,"Jan 2, 2004(18)"
0,0,274,0,0,Renta Higashi,0,0,0,-,0,0,defence,FC Tokyo,J1 League,0,Japan,-,-,0,0,"Jun 17, 2004(17)"
0,0,275,0,0,Yuta Arai,0,0,0,-,0,0,midfield,FC Tokyo,J1 League,0,Japan,"Feb 11, 2022",-,0,0,"Jun 13, 2004(17)"
0,0,276,0,0,Aiki Matsumoto,0,0,0,-,0,0,midfield,FC Tokyo,J1 League,0,Japan,-,-,0,0,"May 3, 2004(18)"
0,0,277,0,0,Kota Tawaratsumida,0,0,0,-,0,0,midfield,FC Tokyo,J1 League,0,Japan,-,-,0,0,"May 14, 2004(18)"
0,0,278,0,0,Go Hatano,0,0,0,$550Th.,0,0,Goalkeeper,FC Tokyo,J1 League,0,Japan,"Feb 1, 2017","Jan 31, 2023",0,0,"May 25, 1998(24)"
0,0,279,0,0,Tsuyoshi Kodama,0,0,0,$193Th.,0,0,Goalkeeper,FC Tokyo,J1 League,0,Japan,"Jan 4, 2019","Jan 31, 2023",0,0,"Dec 28, 1987(34)"
0,0,280,0,0,Bruno Uvini,0,0,0,$1.10m,0,0,Centre-Back,FC Tokyo,J1 League,0,Brazil,"Jan 29, 2021","Jan 31, 2022",0,0,"Jun 3, 1991(30)"
0,0,281,0,0,Yasuki Kimoto,0,0,0,$715Th.,0,0,Centre-Back,FC Tokyo,J1 League,0,Japan,"Jan 9, 2022","Jan 31, 2023",0,0,"Aug 6, 1993(28)"
0,0,282,0,0,Makoto Okazaki,0,0,0,$220Th.,0,0,Centre-Back,FC Tokyo,J1 League,0,Japan,"Feb 1, 2017","Jan 31, 2023",0,0,"Oct 10, 1998(23)"
0,0,283,0,0,Ryoya Ogawa,0,0,0,$880Th.,0,0,Left-Back,FC Tokyo,J1 League,0,Japan,"Feb 1, 2015","Jan 31, 2023",0,0,"Nov 24, 1996(25)"
0,0,284,0,0,Kashif Bangnagande,0,0,0,$138Th.,0,0,Left-Back,FC Tokyo,J1 League,0,Japan,"Feb 1, 2020","Jan 31, 2023",0,0,"Sep 24, 2001(20)"
0,0,285,0,0,Hotaka Nakamura,0,0,0,$385Th.,0,0,Right-Back,FC Tokyo,J1 League,0,Japan,"Feb 1, 2020","Jan 31, 2023",0,0,"Aug 12, 1997(24)"
0,0,286,0,0,Shuto Abe,0,0,0,$770Th.,0,0,Defensive Midfield,FC Tokyo,J1 League,0,Japan,"Feb 1, 2020","Jan 31, 2023",0,0,"Dec 5, 1997(24)"
0,0,287,0,0,Yojiro Takahagi,0,0,0,$385Th.,0,0,Defensive Midfield,FC Tokyo,J1 League,0,Japan,"Jan 19, 2017","Jan 31, 2023",0,0,"Aug 2, 1986(35)"
0,0,288,0,0,Rei Hirakawa,0,0,0,$165Th.,0,0,Defensive Midfield,FC Tokyo,J1 League,0,Japan,"Nov 1, 2017","Jan 31, 2023",0,0,"Apr 20, 2000(22)"
0,0,289,0,0,Kuryu Matsuki,0,0,0,-,0,0,Central Midfield,FC Tokyo,J1 League,0,Japan,"Feb 1, 2022","Jan 31, 2024",0,0,"Apr 30, 2003(19)"
0,0,290,0,0,Hisatoshi Nishido,0,0,0,$55Th.,0,0,Left Midfield,FC Tokyo,J1 League,0,Japan,"Feb 11, 2022",-,0,0,"Mar 27, 2001(21)"
0,0,291,0,0,Hirotaka Mita,0,0,0,$770Th.,0,0,Attacking Midfield,FC Tokyo,J1 League,0,Japan,"Jul 17, 2019","Jan 31, 2023",0,0,"Sep 14, 1990(31)"
0,0,292,0,0,Kazuya Konno,0,0,0,$165Th.,0,0,Right Winger,FC Tokyo,J1 League,0,Japan,"Feb 1, 2020","Jan 31, 2023",0,0,"Jul 11, 1997(24)"
0,0,293,0,0,Kensuke Nagai,0,0,0,$880Th.,0,0,Centre-Forward,FC Tokyo,J1 League,0,Japan,"Jan 6, 2017","Jan 31, 2023",0,0,"Mar 5, 1989(33)"
0,0,294,0,0,Keita Yamashita,0,0,0,$880Th.,0,0,Centre-Forward,FC Tokyo,J1 League,0,Japan,"Jan 9, 2022","Jan 31, 2023",0,0,"Mar 13, 1996(26)"
0,0,295,0,0,Kojiro Yasuda,0,0,0,$55Th.,0,0,midfield,FC Tokyo,J1 League,0,Japan,"Feb 1, 2022",-,0,0,"Aug 14, 2003(18)"
0,0,296,0,0,Kanta Doi,0,0,0,-,0,0,defence,FC Tokyo,J1 League,0,Japan,-,-,0,0,"Nov 10, 2004(17)"
0,0,297,0,0,Naoki Kumata,0,0,0,-,0,0,attack,FC Tokyo,J1 League,0,Japan,-,-,0,0,"Aug 2, 2004(17)"
0,0,298,0,0,Keita Oiji,0,0,0,-,0,0,midfield,FC Tokyo,J1 League,0,Japan,-,-,0,0,"Aug 5, 2004(17)"
0,0,299,0,0,Jakub Slowik,0,0,0,$935Th.,0,0,Goalkeeper,FC Tokyo,J1 League,0,Poland,"Jan 9, 2022","Jan 31, 2023",0,0,"Aug 31, 1991(30)"
0,0,300,0,0,Akihiro Hayashi,0,0,0,$385Th.,0,0,Goalkeeper,FC Tokyo,J1 League,0,Japan,"Jan 6, 2017","Jan 31, 2023",0,0,"May 7, 1987(35)"
0,0,301,0,0,Masataka Kobayashi,0,0,0,-,0,0,Goalkeeper,FC Tokyo,J1 League,0,Japan,-,-,0,0,"Sep 20, 2005(16)"
0,0,302,0,0,Masato Morishige,0,0,0,$990Th.,0,0,Centre-Back,FC Tokyo,J1 League,0,Japan,"Jan 4, 2010","Jan 31, 2023",0,0,"May 21, 1987(35)"
0,0,303,0,0,Henrique Trevisan,0,0,0,$385Th.,0,0,Centre-Back,FC Tokyo,J1 League,0,Brazil,"Jan 9, 2022","Jan 31, 2023",0,0,"Jan 20, 1997(25)"
0,0,304,0,0,Sodai Hasukawa,0,0,0,$138Th.,0,0,Centre-Back,FC Tokyo,J1 League,0,Japan,"Feb 1, 2021","Jan 31, 2023",0,0,"Jun 27, 1998(23)"
0,0,305,0,0,Yuto Nagatomo,0,0,0,$770Th.,0,0,Left-Back,FC Tokyo,J1 League,0,Japan,"Sep 12, 2021","Jan 31, 2023",0,0,"Sep 12, 1986(35)"
0,0,306,0,0,Junya Suzuki,0,0,0,$385Th.,0,0,Right-Back,FC Tokyo,J1 League,0,Japan,"Jul 12, 2021","Jan 31, 2023",0,0,"Jan 7, 1996(26)"
0,0,307,0,0,Shuto Okaniwa,0,0,0,$83Th.,0,0,Right-Back,FC Tokyo,J1 League,0,Japan,"Feb 1, 2022","Jan 31, 2022",0,0,"Sep 16, 1999(22)"
0,0,308,0,0,Takuya Aoki,0,0,0,$550Th.,0,0,Defensive Midfield,FC Tokyo,J1 League,0,Japan,"Jan 9, 2021","Jan 31, 2023",0,0,"Sep 16, 1989(32)"
0,0,309,0,0,Manato Shinada,0,0,0,$275Th.,0,0,Defensive Midfield,FC Tokyo,J1 League,0,Japan,"Feb 1, 2018","Jan 31, 2023",0,0,"Sep 19, 1999(22)"
0,0,310,0,0,Tsubasa Terayama,0,0,0,$55Th.,0,0,Central Midfield,FC Tokyo,J1 League,0,Japan,"Feb 11, 2022",-,0,0,"Apr 10, 2000(22)"
0,0,311,0,0,Ryoma Watanabe,0,0,0,$605Th.,0,0,Right Midfield,FC Tokyo,J1 League,0,Japan,"Jan 9, 2021","Jan 31, 2023",0,0,"Oct 2, 1996(25)"
0,0,312,0,0,Keigo Higashi,0,0,0,$825Th.,0,0,Attacking Midfield,FC Tokyo,J1 League,0,Japan,"Feb 1, 2013","Jan 31, 2023",0,0,"Jul 20, 1990(31)"
0,0,313,0,0,Leandro,0,0,0,$1.21m,0,0,Left Winger,FC Tokyo,J1 League,0,Brazil,"Jan 9, 2021","Jan 31, 2023",0,0,"May 12, 1993(29)"
0,0,314,0,0,Diego Oliveira,0,0,0,$1.65m,0,0,Centre-Forward,FC Tokyo,J1 League,0,Brazil,"Jan 1, 2019","Jan 31, 2023",0,0,"Jun 22, 1990(31)"
0,0,315,0,0,Adaílton,0,0,0,$880Th.,0,0,Centre-Forward,FC Tokyo,J1 League,0,Brazil,"Jan 4, 2020","Jan 31, 2023",0,0,"Dec 6, 1990(31)"
0,0,316,0,0,Yuki Yoshihara,0,0,0,-,0,0,midfield,Gamba Osaka,J1 League,0,Japan,-,-,0,0,"Jul 19, 2004(17)"
0,0,317,0,0,Masaaki Higashiguchi,0,0,0,$825Th.,0,0,Goalkeeper,Gamba Osaka,J1 League,0,Japan,"Jan 1, 2014",-,0,0,"May 12, 1986(36)"
0,0,318,0,0,Taichi Kato,0,0,0,$55Th.,0,0,Goalkeeper,Gamba Osaka,J1 League,0,Japan,"Feb 1, 2022",-,0,0,"Apr 14, 1997(25)"
0,0,319,0,0,Yu Adachi,0,0,0,-,0,0,Goalkeeper,Gamba Osaka,J1 League,0,Japan,-,-,0,0,"Aug 14, 2004(17)"
0,0,320,0,0,Genta Miura,0,0,0,$1.10m,0,0,Centre-Back,Gamba Osaka,J1 League,0,Japan,"Jan 6, 2017",-,0,0,"Mar 1, 1995(27)"
0,0,321,0,0,Shota Fukuoka,0,0,0,$440Th.,0,0,Centre-Back,Gamba Osaka,J1 League,0,Japan,"Jan 9, 2022","Jan 31, 2023",0,0,"Oct 24, 1995(26)"
0,0,322,0,0,Hiroki Fujiharu,0,0,0,$495Th.,0,0,Left-Back,Gamba Osaka,J1 League,0,Japan,"Feb 1, 2011",-,0,0,"Nov 28, 1988(33)"
0,0,323,0,0,Won-ho Shin,0,0,0,$55Th.,0,0,Left-Back,Gamba Osaka,J1 League,0,"Korea, South","Feb 1, 2020","Jan 31, 2023",0,0,"May 19, 2001(21)"
0,0,324,0,0,Ko Yanagisawa,0,0,0,$330Th.,0,0,Right-Back,Gamba Osaka,J1 League,0,Japan,"Jul 25, 2021","Jan 31, 2023",0,0,"Jun 28, 1996(25)"
0,0,325,0,0,Kohei Okuno,0,0,0,$440Th.,0,0,Defensive Midfield,Gamba Osaka,J1 League,0,Japan,"Feb 1, 2019",-,0,0,"Apr 3, 2000(22)"
0,0,326,0,0,Yuki Yamamoto,0,0,0,$660Th.,0,0,Central Midfield,Gamba Osaka,J1 League,0,Japan,"Feb 1, 2020",-,0,0,"Nov 6, 1997(24)"
0,0,327,0,0,Kosuke Onose,0,0,0,$770Th.,0,0,Right Midfield,Gamba Osaka,J1 League,0,Japan,"Jul 31, 2018","Jan 31, 2023",0,0,"Apr 22, 1993(29)"
0,0,328,0,0,Jiro Nakamura,0,0,0,$165Th.,0,0,Right Midfield,Gamba Osaka,J1 League,0,Japan,"Feb 1, 2022",-,0,0,"Aug 22, 2003(18)"
0,0,329,0,0,Yuya Fukuda,0,0,0,$660Th.,0,0,Left Midfield,Gamba Osaka,J1 League,0,Japan,"Feb 1, 2018",-,0,0,"Apr 4, 1999(23)"
0,0,330,0,0,Hiroto Yamami,0,0,0,$165Th.,0,0,Second Striker,Gamba Osaka,J1 League,0,Japan,"Feb 1, 2022",-,0,0,"Aug 16, 1999(22)"
0,0,331,0,0,Leandro Pereira,0,0,0,$880Th.,0,0,Centre-Forward,Gamba Osaka,J1 League,0,Brazil,"Jan 22, 2021",-,0,0,"Jul 3, 1991(30)"
0,0,332,0,0,Isa Sakamoto,0,0,0,$55Th.,0,0,Centre-Forward,Gamba Osaka,J1 League,0,Japan,"Feb 1, 2022",-,0,0,"Aug 26, 2003(18)"
0,0,333,0,0,Rikuto Kuwahara,0,0,0,-,0,0,midfield,Gamba Osaka,J1 League,0,Japan,-,-,0,0,"Jan 21, 2005(17)"
0,0,334,0,0,Jun Ichimori,0,0,0,$220Th.,0,0,Goalkeeper,Gamba Osaka,J1 League,0,Japan,"Jan 4, 2020",-,0,0,"Jul 2, 1991(30)"
0,0,335,0,0,Kei Ishikawa,0,0,0,$55Th.,0,0,Goalkeeper,Gamba Osaka,J1 League,0,Japan,"Jan 6, 2020",-,0,0,"Sep 30, 1992(29)"
0,0,336,0,0,Gen Shoji,0,0,0,$1.65m,0,0,Centre-Back,Gamba Osaka,J1 League,0,Japan,"Feb 3, 2020","Jan 31, 2025",0,0,"Dec 11, 1992(29)"
0,0,337,0,0,Kyung-won Kwon,0,0,0,$935Th.,0,0,Centre-Back,Gamba Osaka,J1 League,0,"Korea, South","Jan 9, 2022","Jan 31, 2023",0,0,"Jan 31, 1992(30)"
0,0,338,0,0,Yota Sato,0,0,0,$138Th.,0,0,Centre-Back,Gamba Osaka,J1 League,0,Japan,"Feb 1, 2021",-,0,0,"Sep 10, 1998(23)"
0,0,339,0,0,Keisuke Kurokawa,0,0,0,$275Th.,0,0,Left-Back,Gamba Osaka,J1 League,0,Japan,"Feb 1, 2020",-,0,0,"Apr 13, 1997(25)"
0,0,340,0,0,Ryu Takao,0,0,0,$550Th.,0,0,Right-Back,Gamba Osaka,J1 League,0,Japan,"Feb 1, 2019",-,0,0,"Nov 9, 1996(25)"
0,0,341,0,0,Dawhan,0,0,0,$1.10m,0,0,Defensive Midfield,Gamba Osaka,J1 League,0,Brazil,"Jan 30, 2022","Dec 31, 2022",0,0,"Jun 3, 1996(25)"
0,0,342,0,0,Mitsuki Saito,0,0,0,$770Th.,0,0,Central Midfield,Gamba Osaka,J1 League,0,Japan,"Feb 1, 2022","Jan 31, 2023",0,0,"Jan 10, 1999(23)"
0,0,343,0,0,Se-jong Ju,0,0,0,$495Th.,0,0,Central Midfield,Gamba Osaka,J1 League,0,"Korea, South","Jan 5, 2021",-,0,0,"Oct 30, 1990(31)"
0,0,344,0,0,Hideki Ishige,0,0,0,$495Th.,0,0,Right Midfield,Gamba Osaka,J1 League,0,Japan,"Feb 1, 2022","Jan 31, 2023",0,0,"Sep 21, 1994(27)"
0,0,345,0,0,Shu Kurata,0,0,0,$825Th.,0,0,Left Midfield,Gamba Osaka,J1 League,0,Japan,"Feb 1, 2007",-,0,0,"Nov 23, 1988(33)"
0,0,346,0,0,Wellington Silva,0,0,0,$825Th.,0,0,Right Winger,Gamba Osaka,J1 League,0,Brazil,"Mar 25, 2021",-,0,0,"Jan 6, 1993(29)"
0,0,347,0,0,Takashi Usami,0,0,0,$1.21m,0,0,Centre-Forward,Gamba Osaka,J1 League,0,Japan,"Jul 1, 2019",-,0,0,"May 6, 1992(30)"
0,0,348,0,0,Patric,0,0,0,$880Th.,0,0,Centre-Forward,Gamba Osaka,J1 League,0,Brazil,"Jan 6, 2020",-,0,0,"Oct 26, 1987(34)"
0,0,349,0,0,Harumi Minamino,0,0,0,-,0,0,Centre-Forward,Gamba Osaka,J1 League,0,Japan,-,-,0,0,"May 13, 2004(18)"
0,0,350,0,0,Sota Koshimichi,0,0,0,$55Th.,0,0,midfield,Sanfrecce Hiroshima,J1 League,0,Japan,-,-,0,0,"Apr 3, 2004(18)"
0,0,351,0,0,Yuzu Kasagi,0,0,0,-,0,0,midfield,Sanfrecce Hiroshima,J1 League,0,Japan,-,-,0,0,"Nov 6, 2004(17)"
0,0,352,0,0,Keisuke Osako,0,0,0,$935Th.,0,0,Goalkeeper,Sanfrecce Hiroshima,J1 League,0,Japan,"Feb 1, 2018","Jan 31, 2023",0,0,"Jul 28, 1999(22)"
0,0,353,0,0,Goro Kawanami,0,0,0,$55Th.,0,0,Goalkeeper,Sanfrecce Hiroshima,J1 League,0,Japan,"Jan 9, 2021","Jan 31, 2023",0,0,"Apr 30, 1991(31)"
0,0,354,0,0,Koshin Yamada,0,0,0,-,0,0,Goalkeeper,Sanfrecce Hiroshima,J1 League,0,Japan,-,-,0,0,"Jul 29, 2005(16)"
0,0,355,0,0,Yuki Nogami,0,0,0,$990Th.,0,0,Centre-Back,Sanfrecce Hiroshima,J1 League,0,Japan,"Jul 11, 2016","Jan 31, 2024",0,0,"Apr 20, 1991(31)"
0,0,356,0,0,Sho Sasaki,0,0,0,$990Th.,0,0,Centre-Back,Sanfrecce Hiroshima,J1 League,0,Japan,"Jan 10, 2015","Jan 31, 2023",0,0,"Oct 2, 1989(32)"
0,0,357,0,0,Jelani Reshaun Sumiyoshi,0,0,0,$330Th.,0,0,Centre-Back,Sanfrecce Hiroshima,J1 League,0,Japan,"Jul 12, 2021","Jan 31, 2023",0,0,"Oct 5, 1997(24)"
0,0,358,0,0,Shuto Nakano,0,0,0,-,0,0,Centre-Back,Sanfrecce Hiroshima,J1 League,0,Japan,"Feb 3, 2022",-,0,0,"Jun 27, 2000(21)"
0,0,359,0,0,Taishi Matsumoto,0,0,0,$495Th.,0,0,Defensive Midfield,Sanfrecce Hiroshima,J1 League,0,Japan,"Feb 1, 2017","Jan 31, 2023",0,0,"Aug 22, 1998(23)"
0,0,360,0,0,Yoichi Naganuma,0,0,0,$440Th.,0,0,Right Midfield,Sanfrecce Hiroshima,J1 League,0,Japan,"Feb 1, 2016","Jan 31, 2023",0,0,"Apr 14, 1997(25)"
0,0,361,0,0,Yoshifumi Kashiwa,0,0,0,$715Th.,0,0,Left Midfield,Sanfrecce Hiroshima,J1 League,0,Japan,"Jan 6, 2014","Jan 31, 2023",0,0,"Jul 28, 1987(34)"
0,0,362,0,0,Tsukasa Morishima,0,0,0,$1.32m,0,0,Attacking Midfield,Sanfrecce Hiroshima,J1 League,0,Japan,"Feb 1, 2016","Jan 31, 2023",0,0,"Apr 25, 1997(25)"
0,0,363,0,0,Takumu Kawamura,0,0,0,$660Th.,0,0,Attacking Midfield,Sanfrecce Hiroshima,J1 League,0,Japan,"Feb 1, 2018","Jan 31, 2023",0,0,"Aug 28, 1999(22)"
0,0,364,0,0,Kosei Shibasaki,0,0,0,$220Th.,0,0,Attacking Midfield,Sanfrecce Hiroshima,J1 League,0,Japan,"Jan 7, 2014","Jan 31, 2023",0,0,"Aug 28, 1984(37)"
0,0,365,0,0,Makoto Mitsuta,0,0,0,$55Th.,0,0,Right Winger,Sanfrecce Hiroshima,J1 League,0,Japan,"Feb 1, 2022",-,0,0,"Jul 20, 1999(22)"
0,0,366,0,0,Nassim Ben Khalifa,0,0,0,$440Th.,0,0,Second Striker,Sanfrecce Hiroshima,J1 League,0,Switzerland,"Apr 25, 2022","Jan 31, 2023",0,0,"Jan 13, 1992(30)"
0,0,367,0,0,Júnior Santos,0,0,0,$770Th.,0,0,Centre-Forward,Sanfrecce Hiroshima,J1 League,0,Brazil,"Feb 1, 2021","Jan 31, 2023",0,0,"Oct 11, 1994(27)"
0,0,368,0,0,Ryo Nagai,0,0,0,$248Th.,0,0,Centre-Forward,Sanfrecce Hiroshima,J1 League,0,Japan,"Jan 4, 2020","Jan 31, 2023",0,0,"May 23, 1991(31)"
0,0,369,0,0,Ryo Tanada,0,0,0,$55Th.,0,0,attack,Sanfrecce Hiroshima,J1 League,0,Japan,"Feb 1, 2022",-,0,0,"Jun 19, 2003(18)"
0,0,370,0,0,Ryota Hatano,0,0,0,-,0,0,defence,Sanfrecce Hiroshima,J1 League,0,Japan,-,-,0,0,"Apr 27, 2004(18)"
0,0,371,0,0,Takuto Hayashi,0,0,0,$110Th.,0,0,Goalkeeper,Sanfrecce Hiroshima,J1 League,0,Japan,"Jan 5, 2014","Jan 31, 2023",0,0,"Aug 9, 1982(39)"
0,0,372,0,0,Eiko Nagoshi,0,0,0,-,0,0,Goalkeeper,Sanfrecce Hiroshima,J1 League,0,Japan,-,-,0,0,"Jul 23, 2004(17)"
0,0,373,0,0,Tsukasa Shiotani,0,0,0,$1.32m,0,0,Centre-Back,Sanfrecce Hiroshima,J1 League,0,Japan,"Oct 1, 2021","Jan 31, 2023",0,0,"Dec 5, 1988(33)"
0,0,374,0,0,Hayato Araki,0,0,0,$990Th.,0,0,Centre-Back,Sanfrecce Hiroshima,J1 League,0,Japan,"Feb 1, 2019","Jan 31, 2023",0,0,"Aug 7, 1996(25)"
0,0,375,0,0,Yuta Imazu,0,0,0,$550Th.,0,0,Centre-Back,Sanfrecce Hiroshima,J1 League,0,Japan,"Jan 9, 2021","Jan 31, 2023",0,0,"Jul 8, 1995(26)"
0,0,376,0,0,Taichi Yamasaki,0,0,0,-,0,0,Centre-Back,Sanfrecce Hiroshima,J1 League,0,Japan,"Feb 4, 2022",-,0,0,"Jan 8, 2001(21)"
0,0,377,0,0,Toshihiro Aoyama,0,0,0,$550Th.,0,0,Defensive Midfield,Sanfrecce Hiroshima,J1 League,0,Japan,"Feb 1, 2004","Jan 31, 2023",0,0,"Feb 22, 1986(36)"
0,0,378,0,0,Yusuke Chajima,0,0,0,$440Th.,0,0,Right Midfield,Sanfrecce Hiroshima,J1 League,0,Japan,"Feb 1, 2014","Jan 31, 2023",0,0,"Jul 20, 1991(30)"
0,0,379,0,0,Shunki Higashi,0,0,0,$880Th.,0,0,Left Midfield,Sanfrecce Hiroshima,J1 League,0,Japan,"Sep 2, 2018","Jan 31, 2023",0,0,"Jul 28, 2000(21)"
0,0,380,0,0,Tomoya Fujii,0,0,0,$440Th.,0,0,Left Midfield,Sanfrecce Hiroshima,J1 League,0,Japan,"Feb 1, 2021","Jan 31, 2024",0,0,"Dec 4, 1998(23)"
0,0,381,0,0,Yuya Asano,0,0,0,$990Th.,0,0,Attacking Midfield,Sanfrecce Hiroshima,J1 League,0,Japan,"Aug 15, 2019","Jan 31, 2024",0,0,"Feb 17, 1997(25)"
0,0,382,0,0,Gakuto Notsuda,0,0,0,$605Th.,0,0,Attacking Midfield,Sanfrecce Hiroshima,J1 League,0,Japan,"Feb 1, 2013","Jan 31, 2023",0,0,"Jun 6, 1994(27)"
0,0,383,0,0,Taishi Semba,0,0,0,$55Th.,0,0,Attacking Midfield,Sanfrecce Hiroshima,J1 League,0,Japan,"Feb 1, 2022",-,0,0,"Aug 19, 1999(22)"
0,0,384,0,0,Ezequiel,0,0,0,$660Th.,0,0,Second Striker,Sanfrecce Hiroshima,J1 League,0,Brazil,"Jan 11, 2020","Jan 1, 2023",0,0,"Mar 9, 1998(24)"
0,0,385,0,0,Shun Ayukawa,0,0,0,$275Th.,0,0,Second Striker,Sanfrecce Hiroshima,J1 League,0,Japan,"Feb 1, 2020","Jan 31, 2023",0,0,"Sep 15, 2001(20)"
0,0,386,0,0,Douglas Vieira,0,0,0,$550Th.,0,0,Centre-Forward,Sanfrecce Hiroshima,J1 League,0,Brazil,"Jan 5, 2019","Jan 31, 2023",0,0,"Nov 12, 1987(34)"
0,0,387,0,0,Sota Sasaki,0,0,0,-,0,0,midfield,Hokkaido Consadole Sapporo,J1 League,0,Japan,-,-,0,0,"Feb 19, 2005(17)"
0,0,388,0,0,Takanori Sugeno,0,0,0,$220Th.,0,0,Goalkeeper,Hokkaido Consadole Sapporo,J1 League,0,Japan,"Feb 1, 2020","Jan 31, 2023",0,0,"May 3, 1984(38)"
0,0,389,0,0,Koki Otani,0,0,0,$165Th.,0,0,Goalkeeper,Hokkaido Consadole Sapporo,J1 League,0,Japan,"Jan 9, 2021","Jan 31, 2023",0,0,"Apr 8, 1989(33)"
0,0,390,0,0,Amin Ben Mamoun,0,0,0,-,0,0,Goalkeeper,Hokkaido Consadole Sapporo,J1 League,0,Japan,-,-,0,0,"Oct 21, 2004(17)"
0,0,391,0,0,Shunta Tanaka,0,0,0,$770Th.,0,0,Centre-Back,Hokkaido Consadole Sapporo,J1 League,0,Japan,"Feb 1, 2020","Jan 31, 2024",0,0,"May 26, 1997(25)"
0,0,392,0,0,Toya Nakamura,0,0,0,$55Th.,0,0,Centre-Back,Hokkaido Consadole Sapporo,J1 League,0,Japan,"Feb 1, 2019","Jan 31, 2023",0,0,"Jul 23, 2000(21)"
0,0,393,0,0,Daigo Nishi,0,0,0,$935Th.,0,0,Right-Back,Hokkaido Consadole Sapporo,J1 League,0,Japan,"Feb 4, 2022","Jan 31, 2023",0,0,"Aug 28, 1987(34)"
0,0,394,0,0,Kazuki Fukai,0,0,0,$715Th.,0,0,Defensive Midfield,Hokkaido Consadole Sapporo,J1 League,0,Japan,"Feb 1, 2013","Jan 31, 2023",0,0,"Mar 11, 1995(27)"
0,0,395,0,0,Hiroki Miyazawa,0,0,0,$770Th.,0,0,Central Midfield,Hokkaido Consadole Sapporo,J1 League,0,Japan,"Feb 1, 2008","Jan 31, 2023",0,0,"Jun 28, 1989(32)"
0,0,396,0,0,Ren Fujimura,0,0,0,$165Th.,0,0,Central Midfield,Hokkaido Consadole Sapporo,J1 League,0,Japan,"Feb 1, 2018","Jan 31, 2023",0,0,"May 26, 1999(23)"
0,0,397,0,0,Daiki Suga,0,0,0,$1.10m,0,0,Left Midfield,Hokkaido Consadole Sapporo,J1 League,0,Japan,"Feb 1, 2017","Jan 31, 2023",0,0,"Sep 10, 1998(23)"
0,0,398,0,0,Gabriel Xavier,0,0,0,$1.10m,0,0,Attacking Midfield,Hokkaido Consadole Sapporo,J1 League,0,Brazil,"Jan 17, 2022","Jan 1, 2023",0,0,"Jul 15, 1993(28)"
0,0,399,0,0,Ryota Aoki,0,0,0,$550Th.,0,0,Attacking Midfield,Hokkaido Consadole Sapporo,J1 League,0,Japan,"Feb 1, 2021","Jan 31, 2023",0,0,"Mar 6, 1996(26)"
0,0,400,0,0,Shinji Ono,0,0,0,$28Th.,0,0,Attacking Midfield,Hokkaido Consadole Sapporo,J1 League,0,Japan,"Jan 9, 2021","Jan 31, 2023",0,0,"Sep 27, 1979(42)"
0,0,401,0,0,Shinzo Koroki,0,0,0,$660Th.,0,0,Centre-Forward,Hokkaido Consadole Sapporo,J1 League,0,Japan,"Feb 1, 2022","Jan 31, 2023",0,0,"Jul 31, 1986(35)"
0,0,402,0,0,Milan Tucic,0,0,0,$330Th.,0,0,Centre-Forward,Hokkaido Consadole Sapporo,J1 League,0,Slovenia,"Aug 11, 2021","Jan 31, 2023",0,0,"Aug 15, 1996(25)"
0,0,403,0,0,Taika Nakashima,0,0,0,$83Th.,0,0,Centre-Forward,Hokkaido Consadole Sapporo,J1 League,0,Japan,"Feb 1, 2021","Jan 31, 2024",0,0,"Jun 8, 2002(19)"
0,0,404,0,0,Kenta Urushidate,0,0,0,-,0,0,attack,Hokkaido Consadole Sapporo,J1 League,0,Japan,-,-,0,0,"Apr 22, 2004(18)"
0,0,405,0,0,Shuhei Matsubara,0,0,0,$165Th.,0,0,Goalkeeper,Hokkaido Consadole Sapporo,J1 League,0,Japan,"Mar 31, 2022","Jan 31, 2023",0,0,"Aug 11, 1992(29)"
0,0,406,0,0,Kojiro Nakano,0,0,0,$165Th.,0,0,Goalkeeper,Hokkaido Consadole Sapporo,J1 League,0,Japan,"Feb 1, 2021","Jan 31, 2026",0,0,"Mar 5, 1999(23)"
0,0,407,0,0,Akito Fukumori,0,0,0,$1.43m,0,0,Centre-Back,Hokkaido Consadole Sapporo,J1 League,0,Japan,"Feb 1, 2017","Jan 31, 2025",0,0,"Dec 16, 1992(29)"
0,0,408,0,0,Daihachi Okamura,0,0,0,$385Th.,0,0,Centre-Back,Hokkaido Consadole Sapporo,J1 League,0,Japan,"Jan 9, 2021","Jan 31, 2023",0,0,"Feb 15, 1997(25)"
0,0,409,0,0,Shota Nishino,0,0,0,$55Th.,0,0,Centre-Back,Hokkaido Consadole Sapporo,J1 League,0,Japan,"Oct 1, 2021","Jan 31, 2025",0,0,"May 28, 2004(17)"
0,0,410,0,0,Tomoki Takamine,0,0,0,$715Th.,0,0,Defensive Midfield,Hokkaido Consadole Sapporo,J1 League,0,Japan,"Feb 1, 2020","Jan 31, 2023",0,0,"Dec 29, 1997(24)"
0,0,411,0,0,Sora Igawa,0,0,0,-,0,0,Defensive Midfield,Hokkaido Consadole Sapporo,J1 League,0,Japan,"Feb 1, 2022",-,0,0,"Jan 15, 2000(22)"
0,0,412,0,0,Takuma Arano,0,0,0,$660Th.,0,0,Central Midfield,Hokkaido Consadole Sapporo,J1 League,0,Japan,"Feb 1, 2012","Jan 31, 2023",0,0,"Apr 20, 1993(29)"
0,0,413,0,0,Lucas Fernandes,0,0,0,$880Th.,0,0,Right Midfield,Hokkaido Consadole Sapporo,J1 League,0,Brazil,"Jan 6, 2020","Jan 31, 2023",0,0,"Apr 24, 1994(28)"
0,0,414,0,0,Hiromu Tanaka,0,0,0,$55Th.,0,0,Left Midfield,Hokkaido Consadole Sapporo,J1 League,0,Japan,"Feb 1, 2022",-,0,0,"Apr 15, 1999(23)"
0,0,415,0,0,Yoshiaki Komai,0,0,0,$660Th.,0,0,Attacking Midfield,Hokkaido Consadole Sapporo,J1 League,0,Japan,"Feb 1, 2019","Jan 31, 2023",0,0,"Jun 6, 1992(29)"
0,0,416,0,0,Riku Danzaki,0,0,0,$303Th.,0,0,Attacking Midfield,Hokkaido Consadole Sapporo,J1 League,0,Japan,"Feb 1, 2019","Jan 31, 2024",0,0,"May 31, 2000(21)"
0,0,417,0,0,Takuro Kaneko,0,0,0,$935Th.,0,0,Right Winger,Hokkaido Consadole Sapporo,J1 League,0,Japan,"Feb 1, 2020","Jan 31, 2025",0,0,"Jul 30, 1997(24)"
0,0,418,0,0,Tsuyoshi Ogashiwa,0,0,0,$605Th.,0,0,Centre-Forward,Hokkaido Consadole Sapporo,J1 League,0,Japan,"Feb 1, 2021","Jan 31, 2024",0,0,"Jul 9, 1998(23)"
0,0,419,0,0,Douglas,0,0,0,$165Th.,0,0,Centre-Forward,Hokkaido Consadole Sapporo,J1 League,0,Brazil,"Feb 1, 2021","Jan 31, 2023",0,0,"Jan 16, 1995(27)"
0,0,420,0,0,Seiya Inoue,0,0,0,$55Th.,0,0,defence,Avispa Fukuoka,J1 League,0,Japan,"Feb 1, 2022",-,0,0,"Nov 9, 1999(22)"
0,0,421,0,0,Masaaki Murakami,0,0,0,$440Th.,0,0,Goalkeeper,Avispa Fukuoka,J1 League,0,Japan,"Feb 1, 2020","Jan 31, 2023",0,0,"Aug 7, 1992(29)"
0,0,422,0,0,Takumi Nagaishi,0,0,0,$83Th.,0,0,Goalkeeper,Avispa Fukuoka,J1 League,0,Japan,"Feb 1, 2022","Jan 31, 2022",0,0,"Feb 16, 1996(26)"
0,0,423,0,0,Tetsushi Kai,0,0,0,-,0,0,Goalkeeper,Avispa Fukuoka,J1 League,0,Japan,-,-,0,0,"Apr 23, 2004(18)"
0,0,424,0,0,Tatsuki Nara,0,0,0,$660Th.,0,0,Centre-Back,Avispa Fukuoka,J1 League,0,Japan,"Feb 1, 2022","Jan 31, 2023",0,0,"Sep 19, 1993(28)"
0,0,425,0,0,Yuta Kumamoto,0,0,0,$495Th.,0,0,Centre-Back,Avispa Fukuoka,J1 League,0,Japan,"Jan 9, 2022","Jan 31, 2023",0,0,"Jul 18, 1995(26)"
0,0,426,0,0,Naoki Wako,0,0,0,$385Th.,0,0,Left-Back,Avispa Fukuoka,J1 League,0,Japan,"Jan 5, 2018","Jan 31, 2023",0,0,"Nov 26, 1989(32)"
0,0,427,0,0,Takahiro Yanagi,0,0,0,$440Th.,0,0,Right-Back,Avispa Fukuoka,J1 League,0,Japan,"Mar 28, 2022","Jan 31, 2023",0,0,"Aug 5, 1997(24)"
0,0,428,0,0,Hiroyuki Mae,0,0,0,$1.10m,0,0,Defensive Midfield,Avispa Fukuoka,J1 League,0,Japan,"Jan 4, 2020","Jan 31, 2023",0,0,"Aug 1, 1995(26)"
0,0,429,0,0,Shun Nakamura,0,0,0,$825Th.,0,0,Central Midfield,Avispa Fukuoka,J1 League,0,Japan,"Jul 13, 2021",-,0,0,"Feb 24, 1994(28)"
0,0,430,0,0,Sotan Tanabe,0,0,0,$440Th.,0,0,Central Midfield,Avispa Fukuoka,J1 League,0,Japan,"Jan 1, 2019","Jan 31, 2023",0,0,"Apr 6, 1990(32)"
0,0,431,0,0,Tatsuya Tanaka,0,0,0,$770Th.,0,0,Attacking Midfield,Avispa Fukuoka,J1 League,0,Japan,"Jan 9, 2022","Jan 31, 2023",0,0,"Jun 9, 1992(29)"
0,0,432,0,0,Jordy Croux,0,0,0,$660Th.,0,0,Right Winger,Avispa Fukuoka,J1 League,0,Belgium,"Jan 8, 2021","Jan 31, 2023",0,0,"Jan 15, 1994(28)"
0,0,433,0,0,Lukian,0,0,0,$935Th.,0,0,Centre-Forward,Avispa Fukuoka,J1 League,0,Brazil,"Jan 9, 2022","Jan 31, 2023",0,0,"Sep 21, 1991(30)"
0,0,434,0,0,Yuya Yamagishi,0,0,0,$770Th.,0,0,Centre-Forward,Avispa Fukuoka,J1 League,0,Japan,"Oct 6, 2020","Jan 31, 2023",0,0,"Aug 29, 1993(28)"
0,0,435,0,0,Hisashi Jogo,0,0,0,$165Th.,0,0,Centre-Forward,Avispa Fukuoka,J1 League,0,Japan,"Feb 1, 2005","Jan 31, 2023",0,0,"Apr 16, 1986(36)"
0,0,436,0,0,Reiju Tsuruno,0,0,0,$55Th.,0,0,attack,Avispa Fukuoka,J1 League,0,Japan,"Feb 15, 2022",-,0,0,"Jan 26, 2001(21)"
0,0,437,0,0,Rikihiro Sugiyama,0,0,0,$83Th.,0,0,Goalkeeper,Avispa Fukuoka,J1 League,0,Japan,"Jan 6, 2017","Jan 31, 2023",0,0,"May 1, 1987(35)"
0,0,438,0,0,Takumi Yamanoi,0,0,0,$55Th.,0,0,Goalkeeper,Avispa Fukuoka,J1 League,0,Japan,"Feb 1, 2017","Jan 31, 2023",0,0,"Oct 25, 1998(23)"
0,0,439,0,0,Douglas Grolli,0,0,0,$825Th.,0,0,Centre-Back,Avispa Fukuoka,J1 League,0,Brazil,"Feb 18, 2020","Jan 31, 2023",0,0,"Oct 5, 1989(32)"
0,0,440,0,0,Daiki Miya,0,0,0,$550Th.,0,0,Centre-Back,Avispa Fukuoka,J1 League,0,Japan,"Jan 9, 2021","Jan 31, 2023",0,0,"Apr 1, 1996(26)"
0,0,441,0,0,Takaaki Shichi,0,0,0,$660Th.,0,0,Left-Back,Avispa Fukuoka,J1 League,0,Japan,"Jan 9, 2021","Jan 31, 2023",0,0,"Dec 27, 1993(28)"
0,0,442,0,0,Masato Yuzawa,0,0,0,$440Th.,0,0,Right-Back,Avispa Fukuoka,J1 League,0,Japan,"Jan 4, 2020","Jan 31, 2023",0,0,"Oct 10, 1993(28)"
0,0,443,0,0,Yota Maejima,0,0,0,$385Th.,0,0,Right-Back,Avispa Fukuoka,J1 League,0,Japan,"Jan 9, 2022","Jan 31, 2023",0,0,"Aug 12, 1997(24)"
0,0,444,0,0,Kimiya Moriyama,0,0,0,$55Th.,0,0,Defensive Midfield,Avispa Fukuoka,J1 League,0,Japan,"Feb 1, 2021","Jan 31, 2024",0,0,"Apr 4, 2002(20)"
0,0,445,0,0,Takuya Shigehiro,0,0,0,$440Th.,0,0,Central Midfield,Avispa Fukuoka,J1 League,0,Japan,"Jan 4, 2020","Jan 31, 2023",0,0,"May 5, 1995(27)"
0,0,446,0,0,Yuji Kitajima,0,0,0,$83Th.,0,0,Left Midfield,Avispa Fukuoka,J1 League,0,Japan,"Feb 1, 2019","Jan 31, 2023",0,0,"Aug 4, 2000(21)"
0,0,447,0,0,Taro Sugimoto,0,0,0,$495Th.,0,0,Attacking Midfield,Avispa Fukuoka,J1 League,0,Japan,"Jan 9, 2021","Jan 31, 2023",0,0,"Feb 12, 1996(26)"
0,0,448,0,0,Takeshi Kanamori,0,0,0,$495Th.,0,0,Second Striker,Avispa Fukuoka,J1 League,0,Japan,"Feb 18, 2021","Jan 31, 2023",0,0,"Apr 4, 1994(28)"
0,0,449,0,0,Juanma Delgado,0,0,0,$770Th.,0,0,Centre-Forward,Avispa Fukuoka,J1 League,0,Spain,"Jan 4, 2020","Jan 31, 2023",0,0,"Nov 17, 1990(31)"
0,0,450,0,0,Daiki Watari,0,0,0,$770Th.,0,0,Centre-Forward,Avispa Fukuoka,J1 League,0,Japan,"Jan 9, 2021","Jan 31, 2023",0,0,"Jun 25, 1993(28)"
0,0,451,0,0,Toshiki Toya,0,0,0,$165Th.,0,0,Centre-Forward,Avispa Fukuoka,J1 League,0,Japan,"Feb 1, 2020","Jan 31, 2023",0,0,"Apr 20, 1997(25)"
0,0,452,0,0,Yudai Kimura,0,0,0,$28Th.,0,0,attack,Kyoto Sanga,J1 League,0,Japan,"Feb 3, 2022",-,0,0,"Feb 28, 2001(21)"
0,0,453,0,0,Yuta Ueda,0,0,0,-,0,0,defence,Kyoto Sanga,J1 League,0,Japan,-,-,0,0,"Jul 6, 2004(17)"
0,0,454,0,0,Naoto Kamifukumoto,0,0,0,$605Th.,0,0,Goalkeeper,Kyoto Sanga,J1 League,0,Japan,"Jan 9, 2022","Jan 31, 2023",0,0,"Nov 17, 1989(32)"
0,0,455,0,0,Michael Woud,0,0,0,$550Th.,0,0,Goalkeeper,Kyoto Sanga,J1 League,0,New Zealand,"Jan 9, 2022","Dec 31, 2024",0,0,"Jan 16, 1999(23)"
0,0,456,0,0,Kenta Esumi,0,0,0,-,0,0,Goalkeeper,Kyoto Sanga,J1 League,0,Japan,-,-,0,0,"Aug 25, 2004(17)"
0,0,457,0,0,Rikito Inoue,0,0,0,$495Th.,0,0,Centre-Back,Kyoto Sanga,J1 League,0,Japan,"Jan 9, 2022","Jan 31, 2023",0,0,"Mar 9, 1997(25)"
0,0,458,0,0,Mendes,0,0,0,$385Th.,0,0,Centre-Back,Kyoto Sanga,J1 League,0,Brazil,"Jan 9, 2022","Jan 31, 2023",0,0,"Apr 25, 1995(27)"
0,0,459,0,0,Hisashi Appiah Tawiah,0,0,0,$275Th.,0,0,Centre-Back,Kyoto Sanga,J1 League,0,Japan,"Jan 9, 2022","Jan 31, 2023",0,0,"Oct 18, 1998(23)"
0,0,460,0,0,Takuya Ogiwara,0,0,0,$605Th.,0,0,Left-Back,Kyoto Sanga,J1 League,0,Japan,"Feb 1, 2021","Jan 31, 2023",0,0,"Nov 23, 1999(22)"
0,0,461,0,0,Kosuke Shirai,0,0,0,$440Th.,0,0,Right-Back,Kyoto Sanga,J1 League,0,Japan,"Feb 1, 2022","Jan 31, 2022",0,0,"May 1, 1994(28)"
0,0,462,0,0,Shimpei Fukuoka,0,0,0,$1.05m,0,0,Central Midfield,Kyoto Sanga,J1 League,0,Japan,"Feb 1, 2019","Jan 31, 2023",0,0,"Jun 27, 2000(21)"
0,0,463,0,0,Shohei Takeda,0,0,0,$605Th.,0,0,Central Midfield,Kyoto Sanga,J1 League,0,Japan,"Feb 1, 2021","Jan 31, 2023",0,0,"Apr 4, 1994(28)"
0,0,464,0,0,Keita Nakano,0,0,0,$55Th.,0,0,Right Midfield,Kyoto Sanga,J1 League,0,Japan,"Feb 1, 2021","Jan 31, 2024",0,0,"Aug 27, 2002(19)"
0,0,465,0,0,Temma Matsuda,0,0,0,$770Th.,0,0,Attacking Midfield,Kyoto Sanga,J1 League,0,Japan,"Jan 9, 2021","Jan 31, 2023",0,0,"Jun 11, 1995(26)"
0,0,466,0,0,Quenten Martinus,0,0,0,$495Th.,0,0,Left Winger,Kyoto Sanga,J1 League,0,Curacao,"Jan 9, 2022","Jan 31, 2023",0,0,"Mar 7, 1991(31)"
0,0,467,0,0,Genki Omae,0,0,0,$660Th.,0,0,Second Striker,Kyoto Sanga,J1 League,0,Japan,"Jan 9, 2022","Jan 31, 2023",0,0,"Dec 10, 1989(32)"
0,0,468,0,0,Ryogo Yamasaki,0,0,0,$605Th.,0,0,Centre-Forward,Kyoto Sanga,J1 League,0,Japan,"Jan 9, 2022","Jan 31, 2023",0,0,"Sep 20, 1992(29)"
0,0,469,0,0,Origbaajo Ismaila,0,0,0,$385Th.,0,0,Centre-Forward,Kyoto Sanga,J1 League,0,Nigeria,"Jul 14, 2021","Jan 31, 2023",0,0,"Aug 4, 1998(23)"
0,0,470,0,0,Kazuki Tanaka,0,0,0,$110Th.,0,0,Centre-Forward,Kyoto Sanga,J1 League,0,Japan,"Feb 1, 2022",-,0,0,"Jan 13, 2000(22)"
0,0,471,0,0,Sora Hiraga,0,0,0,-,0,0,midfield,Kyoto Sanga,J1 League,0,Japan,-,-,0,0,"Mar 2, 2005(17)"
0,0,472,0,0,Mao Koyama,0,0,0,-,0,0,attack,Kyoto Sanga,J1 League,0,Japan,-,-,0,0,"Jun 23, 2004(17)"
0,0,473,0,0,Tomoya Wakahara,0,0,0,$550Th.,0,0,Goalkeeper,Kyoto Sanga,J1 League,0,Japan,"Feb 1, 2018","Jan 31, 2023",0,0,"Dec 28, 1999(22)"
0,0,474,0,0,Gakuji Ota,0,0,0,$28Th.,0,0,Goalkeeper,Kyoto Sanga,J1 League,0,Japan,"Jan 4, 2020","Jan 31, 2023",0,0,"Dec 26, 1990(31)"
0,0,475,0,0,Atsuki Sandanbata,0,0,0,-,0,0,Goalkeeper,Kyoto Sanga,J1 League,0,Japan,-,-,0,0,"Sep 23, 2005(16)"
0,0,476,0,0,Shogo Asada,0,0,0,$440Th.,0,0,Centre-Back,Kyoto Sanga,J1 League,0,Japan,"Feb 1, 2017","Jan 31, 2023",0,0,"Jul 6, 1998(23)"
0,0,477,0,0,Yuki Honda,0,0,0,$385Th.,0,0,Centre-Back,Kyoto Sanga,J1 League,0,Japan,"Jan 4, 2016","Jan 31, 2023",0,0,"Jan 2, 1991(31)"
0,0,478,0,0,Kazuma Nagai,0,0,0,$110Th.,0,0,Centre-Back,Kyoto Sanga,J1 League,0,Japan,"Feb 1, 2021","Jan 31, 2023",0,0,"Nov 2, 1998(23)"
0,0,479,0,0,Takahiro Iida,0,0,0,$495Th.,0,0,Right-Back,Kyoto Sanga,J1 League,0,Japan,"Jan 4, 2020","Jan 31, 2023",0,0,"Aug 31, 1994(27)"
0,0,480,0,0,Daiki Kaneko,0,0,0,$550Th.,0,0,Defensive Midfield,Kyoto Sanga,J1 League,0,Japan,"Feb 1, 2022","Jan 31, 2023",0,0,"Aug 28, 1998(23)"
0,0,481,0,0,Sota Kawasaki,0,0,0,$715Th.,0,0,Central Midfield,Kyoto Sanga,J1 League,0,Japan,"Feb 1, 2020","Jan 31, 2023",0,0,"Jul 30, 2001(20)"
0,0,482,0,0,Naoto Misawa,0,0,0,$440Th.,0,0,Central Midfield,Kyoto Sanga,J1 League,0,Japan,"Jan 9, 2021","Jan 31, 2023",0,0,"Jul 7, 1995(26)"
0,0,483,0,0,Daigo Araki,0,0,0,$330Th.,0,0,Left Midfield,Kyoto Sanga,J1 League,0,Japan,"Jan 4, 2020","Jan 31, 2023",0,0,"Feb 17, 1994(28)"
0,0,484,0,0,Kosuke Taketomi,0,0,0,$440Th.,0,0,Attacking Midfield,Kyoto Sanga,J1 League,0,Japan,"Jan 9, 2021","Jan 31, 2023",0,0,"Sep 23, 1990(31)"
0,0,485,0,0,Fuki Yamada,0,0,0,$28Th.,0,0,Right Winger,Kyoto Sanga,J1 League,0,Japan,"Feb 1, 2020","Jan 31, 2023",0,0,"Jul 10, 2001(20)"
0,0,486,0,0,Yuta Toyokawa,0,0,0,$825Th.,0,0,Centre-Forward,Kyoto Sanga,J1 League,0,Japan,"Jan 9, 2022","Jan 31, 2023",0,0,"Sep 9, 1994(27)"
0,0,487,0,0,Takumi Miyayoshi,0,0,0,$550Th.,0,0,Centre-Forward,Kyoto Sanga,J1 League,0,Japan,"Jan 4, 2019","Jan 31, 2023",0,0,"Aug 7, 1992(29)"
0,0,488,0,0,Peter Utaka,0,0,0,$275Th.,0,0,Centre-Forward,Kyoto Sanga,J1 League,0,Nigeria,"Jan 4, 2020","Jan 31, 2023",0,0,"Feb 12, 1984(38)"
0,0,489,0,0,Yosuke Furukawa,0,0,0,-,0,0,midfield,Júbilo Iwata,J1 League,0,Japan,"Feb 1, 2022","Jan 31, 2025",0,0,"Jul 16, 2003(18)"
0,0,490,0,0,Alexei Coselev,0,0,0,$880Th.,0,0,Goalkeeper,Júbilo Iwata,J1 League,0,Moldova,"Mar 1, 2021","Jan 31, 2023",0,0,"Nov 19, 1993(28)"
0,0,491,0,0,Yuji Kajikawa,0,0,0,$385Th.,0,0,Goalkeeper,Júbilo Iwata,J1 League,0,Japan,"Jan 9, 2022","Jan 31, 2023",0,0,"Jul 26, 1991(30)"
0,0,492,0,0,Ricardo Graça,0,0,0,$1.32m,0,0,Centre-Back,Júbilo Iwata,J1 League,0,Brazil,"Jan 9, 2022","Jan 31, 2024",0,0,"Feb 16, 1997(25)"
0,0,493,0,0,Makito Ito,0,0,0,$330Th.,0,0,Centre-Back,Júbilo Iwata,J1 League,0,Japan,"Feb 1, 2022","Jan 31, 2023",0,0,"Oct 18, 1992(29)"
0,0,494,0,0,Riku Morioka,0,0,0,$193Th.,0,0,Centre-Back,Júbilo Iwata,J1 League,0,Japan,"Feb 1, 2021","Jan 31, 2023",0,0,"Nov 20, 1998(23)"
0,0,495,0,0,Ryo Takano,0,0,0,$330Th.,0,0,Left-Back,Júbilo Iwata,J1 League,0,Japan,"Jul 22, 2021","Jan 31, 2023",0,0,"Nov 13, 1994(27)"
0,0,496,0,0,Naoki Kanuma,0,0,0,$220Th.,0,0,Defensive Midfield,Júbilo Iwata,J1 League,0,Japan,"Jan 9, 2021","Jan 31, 2023",0,0,"Dec 7, 1997(24)"
0,0,497,0,0,Rikiya Uehara,0,0,0,$605Th.,0,0,Central Midfield,Júbilo Iwata,J1 League,0,Japan,"Feb 1, 2015","Jan 31, 2023",0,0,"Aug 25, 1996(25)"
0,0,498,0,0,Yuto Suzuki,0,0,0,$605Th.,0,0,Right Midfield,Júbilo Iwata,J1 League,0,Japan,"Feb 1, 2021","Jan 31, 2023",0,0,"Dec 7, 1993(28)"
0,0,499,0,0,Mahiro Yoshinaga,0,0,0,$55Th.,0,0,Right Midfield,Júbilo Iwata,J1 League,0,Japan,"Feb 1, 2020","Jan 31, 2023",0,0,"Mar 20, 2002(20)"
0,0,500,0,0,Masaya Matsumoto,0,0,0,$715Th.,0,0,Left Midfield,Júbilo Iwata,J1 League,0,Japan,"Jan 4, 2017","Jan 31, 2023",0,0,"Jan 25, 1995(27)"
0,0,501,0,0,Hiroki Yamada,0,0,0,$550Th.,0,0,Attacking Midfield,Júbilo Iwata,J1 League,0,Japan,"Aug 30, 2017","Jan 31, 2023",0,0,"Dec 27, 1988(33)"
0,0,502,0,0,Shota Kaneko,0,0,0,$605Th.,0,0,Right Winger,Júbilo Iwata,J1 League,0,Japan,"Feb 1, 2022","Jan 31, 2023",0,0,"May 2, 1995(27)"
0,0,503,0,0,Kenyu Sugimoto,0,0,0,$660Th.,0,0,Centre-Forward,Júbilo Iwata,J1 League,0,Japan,"Feb 1, 2022","Jan 31, 2023",0,0,"Nov 18, 1992(29)"
0,0,504,0,0,Ryo Germain,0,0,0,$440Th.,0,0,Centre-Forward,Júbilo Iwata,J1 League,0,Japan,"Jan 9, 2022","Jan 31, 2023",0,0,"Apr 19, 1995(27)"
0,0,505,0,0,Kensuke Fujiwara,0,0,0,-,0,0,midfield,Júbilo Iwata,J1 League,0,Japan,"Feb 1, 2022","Jan 31, 2025",0,0,"Dec 21, 2003(18)"
0,0,506,0,0,Ryuki Miura,0,0,0,$385Th.,0,0,Goalkeeper,Júbilo Iwata,J1 League,0,Japan,"Jan 6, 2017","Jan 31, 2023",0,0,"May 17, 1992(30)"
0,0,507,0,0,Naoki Hatta,0,0,0,$110Th.,0,0,Goalkeeper,Júbilo Iwata,J1 League,0,Japan,"Jan 1, 2005","Jan 31, 2023",0,0,"Jun 24, 1986(35)"
0,0,508,0,0,Norimichi Yamamoto,0,0,0,$495Th.,0,0,Centre-Back,Júbilo Iwata,J1 League,0,Japan,"Feb 1, 2021","Jan 31, 2023",0,0,"Jul 25, 1995(26)"
0,0,509,0,0,Kentaro Oi,0,0,0,$193Th.,0,0,Centre-Back,Júbilo Iwata,J1 League,0,Japan,"Jan 6, 2016","Jan 31, 2023",0,0,"May 14, 1984(38)"
0,0,510,0,0,Yutaro Hakamata,0,0,0,$330Th.,0,0,Left-Back,Júbilo Iwata,J1 League,0,Japan,"Jan 9, 2022","Jan 31, 2023",0,0,"Jun 24, 1996(25)"
0,0,511,0,0,Kosuke Yamamoto,0,0,0,$385Th.,0,0,Defensive Midfield,Júbilo Iwata,J1 League,0,Japan,"Feb 1, 2008","Jan 31, 2023",0,0,"Oct 29, 1989(32)"
0,0,512,0,0,Dudu,0,0,0,$770Th.,0,0,Central Midfield,Júbilo Iwata,J1 League,0,Brazil,"Jan 9, 2022","Jan 31, 2024",0,0,"Feb 1, 1997(25)"
0,0,513,0,0,Yasuhito Endo,0,0,0,$110Th.,0,0,Central Midfield,Júbilo Iwata,J1 League,0,Japan,"Feb 1, 2022","Jan 31, 2023",0,0,"Jan 28, 1980(42)"
0,0,514,0,0,Daiki Ogawa,0,0,0,$495Th.,0,0,Right Midfield,Júbilo Iwata,J1 League,0,Japan,"Feb 1, 2014","Jan 31, 2024",0,0,"Oct 16, 1991(30)"
0,0,515,0,0,Naoya Seita,0,0,0,$55Th.,0,0,Right Midfield,Júbilo Iwata,J1 League,0,Japan,"Feb 1, 2020","Jan 31, 2023",0,0,"Aug 25, 2001(20)"
0,0,516,0,0,Kotaro Omori,0,0,0,$770Th.,0,0,Attacking Midfield,Júbilo Iwata,J1 League,0,Japan,"Jan 5, 2020","Jan 31, 2023",0,0,"Apr 28, 1992(30)"
0,0,517,0,0,Yuki Otsu,0,0,0,$385Th.,0,0,Attacking Midfield,Júbilo Iwata,J1 League,0,Japan,"Jan 15, 2021","Jan 31, 2023",0,0,"Mar 24, 1990(32)"
0,0,518,0,0,Atsushi Kurokawa,0,0,0,$990Th.,0,0,Centre-Forward,Júbilo Iwata,J1 League,0,Japan,"Jan 9, 2022","Jan 31, 2023",0,0,"Feb 4, 1998(24)"
0,0,519,0,0,Fabián González,0,0,0,$550Th.,0,0,Centre-Forward,Júbilo Iwata,J1 League,0,Colombia,"Jan 15, 2021","Jan 31, 2023",0,0,"Nov 23, 1992(29)"
0,0,520,0,0,Takuto Kato,0,0,0,$55Th.,0,0,midfield,Kashiwa Reysol,J1 League,0,Japan,"Feb 1, 2022",-,0,0,"May 9, 1999(23)"
0,0,521,0,0,Hidetaka Maie,0,0,0,-,0,0,attack,Kashiwa Reysol,J1 League,0,Japan,"Feb 1, 2022","Jan 31, 2025",0,0,"Jul 28, 2003(18)"
0,0,522,0,0,Riku Ochiai,0,0,0,-,0,0,midfield,Kashiwa Reysol,J1 League,0,Japan,"Feb 18, 2022",-,0,0,"May 23, 1999(23)"
0,0,523,0,0,Masato Sasaki,0,0,0,$110Th.,0,0,Goalkeeper,Kashiwa Reysol,J1 League,0,Japan,"Feb 1, 2021","Jan 31, 2024",0,0,"May 1, 2002(20)"
0,0,524,0,0,Kenta Matsumoto,0,0,0,$55Th.,0,0,Goalkeeper,Kashiwa Reysol,J1 League,0,Japan,"Feb 1, 2020","Jan 31, 2023",0,0,"May 4, 1997(25)"
0,0,525,0,0,Taiyo Koga,0,0,0,$990Th.,0,0,Centre-Back,Kashiwa Reysol,J1 League,0,Japan,"Feb 1, 2017","Jan 31, 2023",0,0,"Oct 28, 1998(23)"
0,0,526,0,0,Emerson Santos,0,0,0,$715Th.,0,0,Centre-Back,Kashiwa Reysol,J1 League,0,Brazil,"Mar 12, 2021","Jan 1, 2025",0,0,"Apr 5, 1995(27)"
0,0,527,0,0,Yuji Takahashi,0,0,0,$385Th.,0,0,Centre-Back,Kashiwa Reysol,J1 League,0,Japan,"Jan 4, 2020","Jan 31, 2023",0,0,"Apr 11, 1993(29)"
0,0,528,0,0,Hayato Tanaka,0,0,0,$55Th.,0,0,Centre-Back,Kashiwa Reysol,J1 League,0,Japan,"Feb 1, 2022",-,0,0,"Nov 1, 2003(18)"
0,0,529,0,0,Wataru Iwashita,0,0,0,$248Th.,0,0,Left-Back,Kashiwa Reysol,J1 League,0,Japan,"Jan 9, 2022","Jan 31, 2023",0,0,"Apr 1, 1999(23)"
0,0,530,0,0,Kengo Kitazume,0,0,0,$495Th.,0,0,Right-Back,Kashiwa Reysol,J1 League,0,Japan,"Jan 4, 2020","Jan 31, 2022",0,0,"Apr 30, 1992(30)"
0,0,531,0,0,Keiya Shiihashi,0,0,0,$660Th.,0,0,Defensive Midfield,Kashiwa Reysol,J1 League,0,Japan,"Jan 9, 2021","Jan 31, 2023",0,0,"Jun 20, 1997(24)"
0,0,532,0,0,Yuto Yamada,0,0,0,$55Th.,0,0,Defensive Midfield,Kashiwa Reysol,J1 League,0,Japan,"Feb 1, 2019","Jan 31, 2023",0,0,"May 17, 2000(22)"
0,0,533,0,0,Masatoshi Mihara,0,0,0,$385Th.,0,0,Central Midfield,Kashiwa Reysol,J1 League,0,Japan,"Feb 1, 2020","Jan 31, 2023",0,0,"Aug 2, 1988(33)"
0,0,534,0,0,Tomoya Koyamatsu,0,0,0,$880Th.,0,0,Left Midfield,Kashiwa Reysol,J1 League,0,Japan,"Jan 9, 2022","Jan 31, 2023",0,0,"Apr 24, 1995(27)"
0,0,535,0,0,Keita Nakamura,0,0,0,$440Th.,0,0,Attacking Midfield,Kashiwa Reysol,J1 League,0,Japan,"Jan 9, 2022","Jan 31, 2023",0,0,"Jun 30, 1993(28)"
0,0,536,0,0,Yuki Muto,0,0,0,$660Th.,0,0,Second Striker,Kashiwa Reysol,J1 League,0,Japan,"Jul 12, 2021","Jan 31, 2023",0,0,"Nov 7, 1988(33)"
0,0,537,0,0,Mao Hosoya,0,0,0,$275Th.,0,0,Centre-Forward,Kashiwa Reysol,J1 League,0,Japan,"Feb 1, 2020","Jan 31, 2023",0,0,"Sep 7, 2001(20)"
0,0,538,0,0,Kaito Mori,0,0,0,-,0,0,Centre-Forward,Kashiwa Reysol,J1 League,0,Japan,"Feb 1, 2022","Jan 31, 2023",0,0,"Jun 7, 2000(21)"
0,0,539,0,0,Takumi Tsuchiya,0,0,0,-,0,0,defence,Kashiwa Reysol,J1 League,0,Japan,"Feb 1, 2022",-,0,0,"Oct 25, 2003(18)"
0,0,540,0,0,Yugo Masukake,0,0,0,-,0,0,attack,Kashiwa Reysol,J1 League,0,Japan,"Feb 1, 2022","Jan 31, 2025",0,0,"Aug 24, 2003(18)"
0,0,541,0,0,Seung-gyu Kim,0,0,0,$825Th.,0,0,Goalkeeper,Kashiwa Reysol,J1 League,0,"Korea, South","Jan 10, 2020","Jan 31, 2023",0,0,"Sep 30, 1990(31)"
0,0,542,0,0,Haruki Saruta,0,0,0,$55Th.,0,0,Goalkeeper,Kashiwa Reysol,J1 League,0,Japan,"Feb 1, 2018","Jan 31, 2023",0,0,"Apr 23, 1999(23)"
0,0,543,0,0,Taiga Oliver Harper,0,0,0,-,0,0,Goalkeeper,Kashiwa Reysol,J1 League,0,Japan,-,-,0,0,"May 31, 2005(16)"
0,0,544,0,0,Takuma Ominami,0,0,0,$825Th.,0,0,Centre-Back,Kashiwa Reysol,J1 League,0,Japan,"Jan 4, 2020","Jan 31, 2025",0,0,"Dec 13, 1997(24)"
0,0,545,0,0,Takumi Kamijima,0,0,0,$660Th.,0,0,Centre-Back,Kashiwa Reysol,J1 League,0,Japan,"Feb 1, 2019","Jan 31, 2023",0,0,"Feb 5, 1997(25)"
0,0,546,0,0,Yuta Someya,0,0,0,$165Th.,0,0,Centre-Back,Kashiwa Reysol,J1 League,0,Japan,"Jan 7, 2019","Jan 31, 2023",0,0,"Sep 30, 1986(35)"
0,0,547,0,0,Hiromu Mitsumaru,0,0,0,$495Th.,0,0,Left-Back,Kashiwa Reysol,J1 League,0,Japan,"Jan 4, 2020","Jan 31, 2023",0,0,"Jul 6, 1993(28)"
0,0,548,0,0,Takuma Otake,0,0,0,$55Th.,0,0,Left-Back,Kashiwa Reysol,J1 League,0,Japan,"Feb 1, 2021","Jan 31, 2024",0,0,"Aug 8, 2002(19)"
0,0,549,0,0,Naoki Kawaguchi,0,0,0,$275Th.,0,0,Right-Back,Kashiwa Reysol,J1 League,0,Japan,"Feb 1, 2020","Jan 31, 2023",0,0,"May 24, 1994(28)"
0,0,550,0,0,Hidekazu Otani,0,0,0,$165Th.,0,0,Defensive Midfield,Kashiwa Reysol,J1 League,0,Japan,"Feb 1, 2003","Jan 31, 2023",0,0,"Nov 6, 1984(37)"
0,0,551,0,0,Dodi,0,0,0,$990Th.,0,0,Central Midfield,Kashiwa Reysol,J1 League,0,Brazil,"Jan 15, 2021","Jan 31, 2023",0,0,"Apr 17, 1996(26)"
0,0,552,0,0,Sachiro Toshima,0,0,0,$385Th.,0,0,Central Midfield,Kashiwa Reysol,J1 League,0,Japan,"Jan 4, 2020","Jan 31, 2023",0,0,"Sep 26, 1995(26)"
0,0,553,0,0,Matheus Savio,0,0,0,$660Th.,0,0,Attacking Midfield,Kashiwa Reysol,J1 League,0,Brazil,"Jan 4, 2020","Dec 31, 2022",0,0,"Apr 15, 1997(25)"
0,0,554,0,0,Fumiya Unoki,0,0,0,$55Th.,0,0,Left Winger,Kashiwa Reysol,J1 League,0,Japan,"Feb 1, 2020","Jan 31, 2023",0,0,"Jul 4, 2001(20)"
0,0,555,0,0,Douglas,0,0,0,$990Th.,0,0,Centre-Forward,Kashiwa Reysol,J1 League,0,Brazil,"Jan 9, 2022","Jan 31, 2023",0,0,"Dec 30, 1987(34)"
0,0,556,0,0,Rodrigo Angelotti,0,0,0,$165Th.,0,0,Centre-Forward,Kashiwa Reysol,J1 League,0,Brazil,"Jan 15, 2021","Dec 31, 2023",0,0,"Apr 27, 1998(24)"
0,0,557,0,0,Taiyo Hiraoka,0,0,0,$138Th.,0,0,midfield,Shonan Bellmare,J1 League,0,Japan,"Feb 1, 2021","Jan 31, 2024",0,0,"Sep 14, 2002(19)"
0,0,558,0,0,Naoki Hara,0,0,0,$55Th.,0,0,midfield,Shonan Bellmare,J1 League,0,Japan,"Feb 1, 2022",-,0,0,"Jul 22, 2003(18)"
0,0,559,0,0,Junnosuke Suzuki,0,0,0,-,0,0,midfield,Shonan Bellmare,J1 League,0,Japan,"Feb 1, 2022","Jan 31, 2025",0,0,"Jul 12, 2003(18)"
0,0,560,0,0,Kosei Tani,0,0,0,$880Th.,0,0,Goalkeeper,Shonan Bellmare,J1 League,0,Japan,"Feb 1, 2020","Jan 31, 2023",0,0,"Nov 22, 2000(21)"
0,0,561,0,0,Hiroki Mawatari,0,0,0,$55Th.,0,0,Goalkeeper,Shonan Bellmare,J1 League,0,Japan,"Apr 1, 2022","Jan 31, 2023",0,0,"Aug 16, 1994(27)"
0,0,562,0,0,Hirokazu Ishihara,0,0,0,$660Th.,0,0,Centre-Back,Shonan Bellmare,J1 League,0,Japan,"Feb 1, 2017","Jan 31, 2023",0,0,"Feb 26, 1999(23)"
0,0,563,0,0,Kazunari Ono,0,0,0,$385Th.,0,0,Centre-Back,Shonan Bellmare,J1 League,0,Japan,"Feb 1, 2018","Jan 31, 2023",0,0,"Aug 4, 1989(32)"
0,0,564,0,0,Hayato Fukushima,0,0,0,$165Th.,0,0,Centre-Back,Shonan Bellmare,J1 League,0,Japan,"Feb 1, 2019","Jan 31, 2023",0,0,"Apr 26, 2000(22)"
0,0,565,0,0,Daiki Sugioka,0,0,0,$605Th.,0,0,Left-Back,Shonan Bellmare,J1 League,0,Japan,"Aug 10, 2021","Jan 31, 2023",0,0,"Sep 8, 1998(23)"
0,0,566,0,0,Takuji Yonemoto,0,0,0,$880Th.,0,0,Defensive Midfield,Shonan Bellmare,J1 League,0,Japan,"Feb 1, 2022","Jan 31, 2023",0,0,"Dec 3, 1990(31)"
0,0,567,0,0,Satoshi Tanaka,0,0,0,$605Th.,0,0,Defensive Midfield,Shonan Bellmare,J1 League,0,Japan,"Feb 1, 2021","Jan 31, 2026",0,0,"Aug 13, 2002(19)"
0,0,568,0,0,Takuya Okamoto,0,0,0,$715Th.,0,0,Right Midfield,Shonan Bellmare,J1 League,0,Japan,"Feb 1, 2019","Jan 31, 2023",0,0,"Jun 18, 1992(29)"
0,0,569,0,0,Yusuke Segawa,0,0,0,$715Th.,0,0,Left Midfield,Shonan Bellmare,J1 League,0,Japan,"Jan 9, 2022","Jan 31, 2023",0,0,"Feb 7, 1994(28)"
0,0,570,0,0,Taiga Hata,0,0,0,$385Th.,0,0,Left Midfield,Shonan Bellmare,J1 League,0,Japan,"Feb 1, 2020","Jan 31, 2023",0,0,"Jan 20, 2002(20)"
0,0,571,0,0,Yamato Wakatsuki,0,0,0,$220Th.,0,0,Attacking Midfield,Shonan Bellmare,J1 League,0,Japan,"Jan 26, 2020","Jan 31, 2023",0,0,"Jan 18, 2002(20)"
0,0,572,0,0,Tarik Elyounoussi,0,0,0,$660Th.,0,0,Centre-Forward,Shonan Bellmare,J1 League,0,Norway,"Jan 9, 2020","Jan 31, 2023",0,0,"Feb 23, 1988(34)"
0,0,573,0,0,Wellington,0,0,0,$495Th.,0,0,Centre-Forward,Shonan Bellmare,J1 League,0,Brazil,"Dec 21, 2020","Jan 31, 2023",0,0,"Feb 11, 1988(34)"
0,0,574,0,0,Ryo Nemoto,0,0,0,$55Th.,0,0,Centre-Forward,Shonan Bellmare,J1 League,0,Japan,"Feb 1, 2022",-,0,0,"Feb 3, 2000(22)"
0,0,575,0,0,Taisei Ishii,0,0,0,$55Th.,0,0,defence,Shonan Bellmare,J1 League,0,Japan,"Feb 1, 2022",-,0,0,"Dec 29, 2003(18)"
0,0,576,0,0,Akito Suzuki,0,0,0,-,0,0,attack,Shonan Bellmare,J1 League,0,Japan,"Feb 1, 2022","Jan 31, 2025",0,0,"Jul 30, 2003(18)"
0,0,577,0,0,Sere Matsumura,0,0,0,-,0,0,defence,Shonan Bellmare,J1 League,0,Japan,"Feb 1, 2022","Jan 31, 2025",0,0,"Dec 3, 2003(18)"
0,0,578,0,0,Daiki Tomii,0,0,0,$165Th.,0,0,Goalkeeper,Shonan Bellmare,J1 League,0,Japan,"Jan 6, 2018","Jan 31, 2023",0,0,"Aug 27, 1989(32)"
0,0,579,0,0,Kotaro Tachikawa,0,0,0,$55Th.,0,0,Goalkeeper,Shonan Bellmare,J1 League,0,Japan,"Jan 9, 2021","Jan 31, 2023",0,0,"Jan 4, 1997(25)"
0,0,580,0,0,Koki Tachi,0,0,0,$440Th.,0,0,Centre-Back,Shonan Bellmare,J1 League,0,Japan,"Feb 1, 2020","Jan 31, 2023",0,0,"Dec 14, 1997(24)"
0,0,581,0,0,Kazuki Oiwa,0,0,0,$385Th.,0,0,Centre-Back,Shonan Bellmare,J1 League,0,Japan,"Jan 4, 2020","Jan 31, 2023",0,0,"Aug 17, 1989(32)"
0,0,582,0,0,Kodai Minoda,0,0,0,$55Th.,0,0,Centre-Back,Shonan Bellmare,J1 League,0,Japan,"Feb 1, 2022",-,0,0,"Aug 10, 1999(22)"
0,0,583,0,0,Shuto Yamamoto,0,0,0,$165Th.,0,0,Left-Back,Shonan Bellmare,J1 League,0,Japan,"Jan 9, 2021","Jan 31, 2023",0,0,"Jun 1, 1985(36)"
0,0,584,0,0,Ryota Nagaki,0,0,0,$770Th.,0,0,Defensive Midfield,Shonan Bellmare,J1 League,0,Japan,"Jan 9, 2022","Jan 31, 2023",0,0,"Jun 4, 1988(33)"
0,0,585,0,0,Akimi Barada,0,0,0,$550Th.,0,0,Central Midfield,Shonan Bellmare,J1 League,0,Japan,"Jan 4, 2020","Jan 31, 2023",0,0,"May 30, 1991(30)"
0,0,586,0,0,Shota Kobayashi,0,0,0,$330Th.,0,0,Right Midfield,Shonan Bellmare,J1 League,0,Japan,"Jan 5, 2019","Jan 31, 2023",0,0,"May 11, 1991(31)"
0,0,587,0,0,Ryo Takahashi,0,0,0,$495Th.,0,0,Left Midfield,Shonan Bellmare,J1 League,0,Japan,"Jan 9, 2021","Jan 31, 2023",0,0,"Jul 16, 1993(28)"
0,0,588,0,0,Naoki Yamada,0,0,0,$385Th.,0,0,Attacking Midfield,Shonan Bellmare,J1 League,0,Japan,"Feb 1, 2020","Jan 31, 2023",0,0,"Jul 4, 1990(31)"
0,0,589,0,0,Masaki Ikeda,0,0,0,$275Th.,0,0,Right Winger,Shonan Bellmare,J1 League,0,Japan,"Jan 9, 2021","Jan 31, 2023",0,0,"Jul 8, 1999(22)"
0,0,590,0,0,Shuto Machino,0,0,0,$550Th.,0,0,Centre-Forward,Shonan Bellmare,J1 League,0,Japan,"Jan 9, 2021","Jan 31, 2023",0,0,"Sep 30, 1999(22)"
0,0,591,0,0,Yuki Ohashi,0,0,0,$330Th.,0,0,Centre-Forward,Shonan Bellmare,J1 League,0,Japan,"Feb 1, 2019","Jan 31, 2023",0,0,"Jul 27, 1996(25)"
0,0,592,0,0,Taichi Fukui,0,0,0,$83Th.,0,0,midfield,Sagan Tosu,J1 League,0,Japan,-,-,0,0,"Jul 15, 2004(17)"
0,0,593,0,0,Shunta Araki,0,0,0,-,0,0,attack,Sagan Tosu,J1 League,0,Japan,"Feb 1, 2022","Jan 31, 2023",0,0,"Oct 24, 1999(22)"
0,0,594,0,0,Yoshiki Narahara,0,0,0,-,0,0,midfield,Sagan Tosu,J1 League,0,Japan,-,-,0,0,"Apr 7, 2004(18)"
0,0,595,0,0,Tatsuya Morita,0,0,0,$330Th.,0,0,Goalkeeper,Sagan Tosu,J1 League,0,Japan,"Jan 4, 2020","Jan 31, 2023",0,0,"Aug 3, 1990(31)"
0,0,596,0,0,Masahiro Okamoto,0,0,0,$55Th.,0,0,Goalkeeper,Sagan Tosu,J1 League,0,Japan,"Jan 9, 2022","Jan 31, 2023",0,0,"May 17, 1983(39)"
0,0,597,0,0,Seok-ho Hwang,0,0,0,$550Th.,0,0,Centre-Back,Sagan Tosu,J1 League,0,"Korea, South","Jan 9, 2021","Jan 31, 2023",0,0,"Jun 27, 1989(32)"
0,0,598,0,0,Masaya Tashiro,0,0,0,$385Th.,0,0,Centre-Back,Sagan Tosu,J1 League,0,Japan,"Jan 9, 2021","Jan 31, 2023",0,0,"May 1, 1993(29)"
0,0,599,0,0,Shinya Nakano,0,0,0,$550Th.,0,0,Left-Back,Sagan Tosu,J1 League,0,Japan,"Jul 30, 2021","Jan 31, 2025",0,0,"Aug 17, 2003(18)"
0,0,600,0,0,Nanasei Iino,0,0,0,$660Th.,0,0,Right-Back,Sagan Tosu,J1 League,0,Japan,"Jan 9, 2021","Jan 31, 2023",0,0,"Oct 2, 1996(25)"
0,0,601,0,0,Kei Koizumi,0,0,0,$550Th.,0,0,Defensive Midfield,Sagan Tosu,J1 League,0,Japan,"Aug 10, 2021","Jan 31, 2023",0,0,"Apr 19, 1995(27)"
0,0,602,0,0,Naoyuki Fujita,0,0,0,$550Th.,0,0,Central Midfield,Sagan Tosu,J1 League,0,Japan,"Jan 9, 2022","Jan 31, 2023",0,0,"Jun 22, 1987(34)"
0,0,603,0,0,Kentaro Moriya,0,0,0,$275Th.,0,0,Central Midfield,Sagan Tosu,J1 League,0,Japan,"Feb 9, 2022","Jan 31, 2023",0,0,"Sep 21, 1988(33)"
0,0,604,0,0,Yoshihiro Nakano,0,0,0,$550Th.,0,0,Left Midfield,Sagan Tosu,J1 League,0,Japan,"Feb 1, 2022","Jan 31, 2023",0,0,"Feb 24, 1993(29)"
0,0,605,0,0,Yuji Ono,0,0,0,$495Th.,0,0,Attacking Midfield,Sagan Tosu,J1 League,0,Japan,"Jan 9, 2022","Jan 31, 2023",0,0,"Dec 22, 1992(29)"
0,0,606,0,0,Yuki Horigome,0,0,0,$330Th.,0,0,Attacking Midfield,Sagan Tosu,J1 League,0,Japan,"Feb 1, 2022","Jan 31, 2023",0,0,"Dec 13, 1992(29)"
0,0,607,0,0,Taisei Miyashiro,0,0,0,$550Th.,0,0,Left Winger,Sagan Tosu,J1 League,0,Japan,"Feb 1, 2022","Jan 31, 2023",0,0,"May 26, 2000(22)"
0,0,608,0,0,Yosuke Yuzawa,0,0,0,$83Th.,0,0,Left Winger,Sagan Tosu,J1 League,0,Japan,"Jan 4, 2020","Jan 31, 2023",0,0,"Dec 31, 1990(31)"
0,0,609,0,0,Yuki Kakita,0,0,0,$990Th.,0,0,Centre-Forward,Sagan Tosu,J1 League,0,Japan,"Feb 1, 2022","Jan 31, 2023",0,0,"Jul 14, 1997(24)"
0,0,610,0,0,Yuta Fujihara,0,0,0,-,0,0,Centre-Forward,Sagan Tosu,J1 League,0,Japan,"Feb 1, 2022","Jan 31, 2023",0,0,"Apr 9, 1999(23)"
0,0,611,0,0,Yukihito Kajiya,0,0,0,-,0,0,attack,Sagan Tosu,J1 League,0,Japan,"Feb 1, 2022","Jan 31, 2023",0,0,"Mar 9, 2000(22)"
0,0,612,0,0,Shunya Sakai,0,0,0,-,0,0,midfield,Sagan Tosu,J1 League,0,Japan,-,-,0,0,"Apr 16, 2004(18)"
0,0,613,0,0,Il-gyu Park,0,0,0,$825Th.,0,0,Goalkeeper,Sagan Tosu,J1 League,0,"Korea, South","Feb 1, 2021","Jan 31, 2023",0,0,"Dec 22, 1989(32)"
0,0,614,0,0,Ye-hoon Ueom,0,0,0,$55Th.,0,0,Goalkeeper,Sagan Tosu,J1 League,0,"Korea, South","Apr 1, 2021","Jan 31, 2023",0,0,"Sep 23, 2002(19)"
0,0,615,0,0,Keisuke Fukaya,0,0,0,-,0,0,Goalkeeper,Sagan Tosu,J1 League,0,Japan,"Feb 1, 2022","Jan 31, 2023",0,0,"Jun 20, 1998(23)"
0,0,616,0,0,Joan Oumari,0,0,0,$440Th.,0,0,Centre-Back,Sagan Tosu,J1 League,0,Lebanon,"Feb 25, 2022","Jan 31, 2023",0,0,"Aug 19, 1988(33)"
0,0,617,0,0,Taiga Son,0,0,0,$55Th.,0,0,Centre-Back,Sagan Tosu,J1 League,0,"Korea, South","Feb 1, 2022",-,0,0,"Jun 13, 1999(22)"
0,0,618,0,0,Diego,0,0,0,$495Th.,0,0,Left-Back,Sagan Tosu,J1 League,0,Brazil,"Jan 9, 2022","Jan 31, 2023",0,0,"Sep 21, 1995(26)"
0,0,619,0,0,Wataru Harada,0,0,0,$248Th.,0,0,Right-Back,Sagan Tosu,J1 League,0,Japan,"Jan 9, 2022","Jan 31, 2023",0,0,"Jul 22, 1996(25)"
0,0,620,0,0,Toshio Shimakawa,0,0,0,$385Th.,0,0,Defensive Midfield,Sagan Tosu,J1 League,0,Japan,"Jan 9, 2021","Jan 31, 2023",0,0,"May 28, 1990(31)"
0,0,621,0,0,Akito Fukuta,0,0,0,$385Th.,0,0,Central Midfield,Sagan Tosu,J1 League,0,Japan,"Jan 9, 2022","Jan 31, 2023",0,0,"May 1, 1992(30)"
0,0,622,0,0,Kyo Sato,0,0,0,-,0,0,Right Midfield,Sagan Tosu,J1 League,0,Japan,"Feb 1, 2022","Jan 31, 2023",0,0,"Mar 21, 2000(22)"
0,0,623,0,0,Ryunosuke Sagara,0,0,0,$165Th.,0,0,Left Midfield,Sagan Tosu,J1 League,0,Japan,"Feb 1, 2021","Jan 31, 2024",0,0,"Aug 17, 2002(19)"
0,0,624,0,0,Fuchi Honda,0,0,0,$330Th.,0,0,Attacking Midfield,Sagan Tosu,J1 League,0,Japan,"Feb 1, 2020","Jan 31, 2023",0,0,"May 10, 2001(21)"
0,0,625,0,0,Taichi Kikuchi,0,0,0,-,0,0,Attacking Midfield,Sagan Tosu,J1 League,0,Japan,"Feb 1, 2022","Jan 31, 2023",0,0,"May 7, 1999(23)"
0,0,626,0,0,Yuto Iwasaki,0,0,0,$330Th.,0,0,Left Winger,Sagan Tosu,J1 League,0,Japan,"Aug 11, 2021","Jan 31, 2023",0,0,"Jun 11, 1998(23)"
0,0,627,0,0,Jun Nishikawa,0,0,0,$330Th.,0,0,Right Winger,Sagan Tosu,J1 League,0,Japan,"Feb 1, 2022","Jan 31, 2023",0,0,"Feb 21, 2002(20)"
0,0,628,0,0,Kaisei Ishii,0,0,0,$193Th.,0,0,Centre-Forward,Sagan Tosu,J1 League,0,Japan,"Feb 1, 2019","Jan 31, 2023",0,0,"Apr 2, 2000(22)"
